[Licensing::Module] Trying to connect to existing licensing client channel...
Built from '6000.2/staging' branch; Version is '6000.2.9f1 (e0c4e791ab71) revision 14730471'; Using compiler version '194234433'; Build Type 'Release'
OS: 'Windows 10  (10.0.19045) 64bit Education' Language: 'en' Physical Memory: 16234 MB
[Licensing::IpcConnector] Successfully connected to: "LicenseClient-Hvedrung" at "2025-12-13T13:42:49.3836227Z"
BatchMode: 1, IsHumanControllingUs: 0, StartBugReporterOnCrash: 0, Is64bit: 1
Date: 2025-12-13T13:42:49Z

COMMAND LINE ARGUMENTS:
D:\UNITY\6000.2.9f1\Editor\Unity.exe
-adb2
-batchMode
-noUpm
-name
AssetImportWorker3
-projectPath
D:/Good Dragons/SE-ProjectRomoAndFriends/Game try
-logFile
Logs/AssetImportWorker3.log
-srvPort
56695
-licensingIpc
LicenseClient-Hvedrung
-job-worker-count
7
-background-job-worker-count
8
-gc-helper-count
1
-name
AssetImport
Successfully changed project path to: D:/Good Dragons/SE-ProjectRomoAndFriends/Game try
D:/Good Dragons/SE-ProjectRomoAndFriends/Game try
[UnityMemory] Configuration Parameters - Can be set up in boot.config
    "memorysetup-allocator-temp-initial-block-size-main=262144"
    "memorysetup-allocator-temp-initial-block-size-worker=262144"
    "memorysetup-bucket-allocator-granularity=16"
    "memorysetup-bucket-allocator-bucket-count=8"
    "memorysetup-bucket-allocator-block-size=33554432"
    "memorysetup-bucket-allocator-block-count=8"
    "memorysetup-main-allocator-block-size=16777216"
    "memorysetup-thread-allocator-block-size=16777216"
    "memorysetup-gfx-main-allocator-block-size=16777216"
    "memorysetup-gfx-thread-allocator-block-size=16777216"
    "memorysetup-cache-allocator-block-size=4194304"
    "memorysetup-typetree-allocator-block-size=2097152"
    "memorysetup-profiler-bucket-allocator-granularity=16"
    "memorysetup-profiler-bucket-allocator-bucket-count=8"
    "memorysetup-profiler-bucket-allocator-block-size=33554432"
    "memorysetup-profiler-bucket-allocator-block-count=8"
    "memorysetup-profiler-allocator-block-size=16777216"
    "memorysetup-profiler-editor-allocator-block-size=1048576"
    "memorysetup-temp-allocator-size-main=16777216"
    "memorysetup-job-temp-allocator-block-size=2097152"
    "memorysetup-job-temp-allocator-block-size-background=1048576"
    "memorysetup-job-temp-allocator-reduction-small-platforms=262144"
    "memorysetup-temp-allocator-size-background-worker=32768"
    "memorysetup-temp-allocator-size-job-worker=262144"
    "memorysetup-temp-allocator-size-preload-manager=33554432"
    "memorysetup-temp-allocator-size-nav-mesh-worker=65536"
    "memorysetup-temp-allocator-size-audio-worker=65536"
    "memorysetup-temp-allocator-size-cloud-worker=32768"
    "memorysetup-temp-allocator-size-gi-baking-worker=262144"
    "memorysetup-temp-allocator-size-gi-baking-worker=262144"
    "memorysetup-temp-allocator-size-gi-baking-worker=262144"
    "memorysetup-temp-allocator-size-gi-baking-worker=262144"
    "memorysetup-temp-allocator-size-gi-baking-worker=262144"
    "memorysetup-temp-allocator-size-gfx=262144"
Player connection [20072]  Target information:

Player connection [20072]  * "[IP] 192.168.1.3 [Port] 0 [Flags] 2 [Guid] 2402501109 [EditorId] 2402501109 [Version] 1048832 [Id] WindowsEditor(7,O10) [Debug] 1 [PackageName] WindowsEditor [ProjectName] Editor" 

Player connection [20072]  * "[IP] 10.238.206.226 [Port] 0 [Flags] 2 [Guid] 2402501109 [EditorId] 2402501109 [Version] 1048832 [Id] WindowsEditor(7,O10) [Debug] 1 [PackageName] WindowsEditor [ProjectName] Editor" 

Player connection [20072] Host joined multi-casting on [225.0.0.222:54997]...
Player connection [20072] Host joined alternative multi-casting on [225.0.0.222:34997]...
JobSystem: Creating JobQueue using job-worker-count value 7
Input System module state changed to: Initialized.
[Physics::Module] Initialized fallback backend.
[Physics::Module] Id: 0xdecafbad
[Licensing::Client] Code 10 while verifying Licensing Client signature (process Id: 20884, path: "C:/Program Files/Unity Hub/UnityLicensingClient_V1/Unity.Licensing.Client.exe")
[Licensing::Module] LicensingClient has failed validation; ignoring
[Licensing::Client] Handshaking with LicensingClient:
  Version:                 1.17.3+a4e98f1
  Session Id:              b78011b07faa4c499cdd31eedcbfa6a1
  Correlation Id:          c438bfbd747a45d795fa75d3e0ebd89b
  External correlation Id: 9105915864690499797
  Machine Id:              Guw8tbs11XVBBEeZyiqxE5WYEIg=
[Licensing::Module] Successfully connected to LicensingClient on channel: "LicenseClient-Hvedrung" (connect: 0.00s, validation: 0.00s, handshake: 0.06s)
[Licensing::IpcConnector] Successfully connected to: "LicenseClient-Hvedrung-notifications" at "2025-12-13T13:42:49.4436804Z"
[Licensing::Module] Licensing Background thread has ended after 0.06s
Library Redirect Path: Library/
[Physics::Module] Selected backend.
[Physics::Module] Name: PhysX
[Physics::Module] Id: 0xf2b8ea05
[Physics::Module] SDK Version: 4.1.2
[Physics::Module] Integration Version: 1.0.0
[Physics::Module] Threading Mode: Multi-Threaded
Refreshing native plugins compatible for Editor in 259.04 ms, found 4 plugins.
Preloading 0 native plugins for Editor in 0.00 ms.
Initialize engine version: 6000.2.9f1 (e0c4e791ab71)
[Subsystems] Discovering subsystems at path D:/UNITY/6000.2.9f1/Editor/Data/Resources/UnitySubsystems
[Subsystems] Discovering subsystems at path D:/Good Dragons/SE-ProjectRomoAndFriends/Game try/Assets
GfxDevice: creating device client; kGfxThreadingModeNonThreaded
Direct3D:
    Version:  Direct3D 11.0 [level 11.1]
    Renderer: NVIDIA GeForce RTX 3060 (ID=0x2504)
    Vendor:   NVIDIA
    VRAM:     12115 MB
    Driver:   32.0.15.8180
Initialize mono
Mono path[0] = 'D:/UNITY/6000.2.9f1/Editor/Data/Managed'
Mono path[1] = 'D:/UNITY/6000.2.9f1/Editor/Data/MonoBleedingEdge/lib/mono/unityjit-win32'
Mono config path = 'D:/UNITY/6000.2.9f1/Editor/Data/MonoBleedingEdge/etc'
Using monoOptions --debugger-agent=transport=dt_socket,embedding=1,server=y,suspend=n,address=127.0.0.1:56556
Begin MonoManager ReloadAssembly
Registering precompiled unity dll's ...
Register platform support module: D:/UNITY/6000.2.9f1/Editor/Data/PlaybackEngines/WindowsStandaloneSupport/UnityEditor.WindowsStandalone.Extensions.dll
Registered in 0.003872 seconds.
- Loaded All Assemblies, in  0.578 seconds
Native extension for WindowsStandalone target not found
Mono: successfully reloaded assembly
- Finished resetting the current domain, in  0.452 seconds
Domain Reload Profiling: 1023ms
	BeginReloadAssembly (197ms)
		ExecutionOrderSort (0ms)
		DisableScriptedObjects (0ms)
		BackupInstance (0ms)
		ReleaseScriptingObjects (0ms)
		CreateAndSetChildDomain (1ms)
	RebuildCommonClasses (42ms)
	RebuildNativeTypeToScriptingClass (12ms)
	initialDomainReloadingComplete (66ms)
	LoadAllAssembliesAndSetupDomain (253ms)
		LoadAssemblies (189ms)
		RebuildTransferFunctionScriptingTraits (0ms)
		AnalyzeDomain (250ms)
			TypeCache.Refresh (247ms)
				TypeCache.ScanAssembly (232ms)
			BuildScriptInfoCaches (0ms)
			ResolveRequiredComponents (1ms)
	FinalizeReload (453ms)
		ReleaseScriptCaches (0ms)
		RebuildScriptCaches (0ms)
		SetupLoadedEditorAssemblies (388ms)
			LogAssemblyErrors (0ms)
			InitializePlatformSupportModulesInManaged (68ms)
			SetLoadedEditorAssemblies (4ms)
			BeforeProcessingInitializeOnLoad (74ms)
			ProcessInitializeOnLoadAttributes (143ms)
			ProcessInitializeOnLoadMethodAttributes (99ms)
			AfterProcessingInitializeOnLoad (0ms)
			EditorAssembliesLoaded (0ms)
		ExecutionOrderSort2 (0ms)
		AwakeInstancesAfterBackupRestoration (0ms)
========================================================================
Worker process is ready to serve import requests
Import Worker Mode flag is 0x00
Begin MonoManager ReloadAssembly
[Licensing::Client] Successfully resolved entitlement details
[Licensing::Module] License group:
  Id: 18968242730874-UnityPersXXXX
  Product: Unity Personal
  Type: Assigned
  Expiration: Unlimited
- Loaded All Assemblies, in  1.287 seconds
Refreshing native plugins compatible for Editor in 131.39 ms, found 4 plugins.
Native extension for WindowsStandalone target not found
Package Manager log level set to [2]
[Package Manager] Failed to launch server process. Reason: Unity was launched with the -noUpm command-line argument
[Package Manager] Unable to send message (not connected to server process).
[Package Manager] Cannot connect to Unity Package Manager local server
Mono: successfully reloaded assembly
- Finished resetting the current domain, in  3.131 seconds
Domain Reload Profiling: 4401ms
	BeginReloadAssembly (297ms)
		ExecutionOrderSort (0ms)
		DisableScriptedObjects (10ms)
		BackupInstance (0ms)
		ReleaseScriptingObjects (0ms)
		CreateAndSetChildDomain (55ms)
	RebuildCommonClasses (47ms)
	RebuildNativeTypeToScriptingClass (13ms)
	initialDomainReloadingComplete (67ms)
	LoadAllAssembliesAndSetupDomain (845ms)
		LoadAssemblies (660ms)
		RebuildTransferFunctionScriptingTraits (0ms)
		AnalyzeDomain (343ms)
			TypeCache.Refresh (252ms)
				TypeCache.ScanAssembly (234ms)
			BuildScriptInfoCaches (74ms)
			ResolveRequiredComponents (13ms)
	FinalizeReload (3131ms)
		ReleaseScriptCaches (0ms)
		RebuildScriptCaches (0ms)
		SetupLoadedEditorAssemblies (2073ms)
			LogAssemblyErrors (0ms)
			InitializePlatformSupportModulesInManaged (2ms)
			SetLoadedEditorAssemblies (4ms)
			BeforeProcessingInitializeOnLoad (202ms)
			ProcessInitializeOnLoadAttributes (715ms)
			ProcessInitializeOnLoadMethodAttributes (1135ms)
			AfterProcessingInitializeOnLoad (14ms)
			EditorAssembliesLoaded (1ms)
		ExecutionOrderSort2 (0ms)
		AwakeInstancesAfterBackupRestoration (7ms)
Launched and connected shader compiler UnityShaderCompiler.exe after 0.16 seconds
Refreshing native plugins compatible for Editor in 3.04 ms, found 4 plugins.
Preloading 0 native plugins for Editor in 0.00 ms.
Unloading 13 Unused Serialized files (Serialized files now loaded: 0)
Unloading 6831 unused Assets / (5.7 MB). Loaded Objects now: 7560.
Memory consumption went from 144.2 MB to 138.5 MB.
Total: 11.100000 ms (FindLiveObjects: 0.816100 ms CreateObjectMapping: 0.623900 ms MarkObjects: 6.682300 ms  DeleteObjects: 2.976000 ms)

========================================================================
Received Import Request.
  Time since last request: 34200.317276 seconds.
  path: Assets/Real Assets/FireBallBlue.prefab
  artifactKey: Guid(c7a22bf28a487c1478b84e107ebc155b) Importer(2089858483,192608db42251d675da83286b1cce702)
Start importing Assets/Real Assets/FireBallBlue.prefab using Guid(c7a22bf28a487c1478b84e107ebc155b) Importer(2089858483,192608db42251d675da83286b1cce702) (ScriptedImporter) -> (artifact id: '50de35fa731d47d00373ca885274281f') in 0.7899833 seconds
Number of updated asset objects reloaded before import = 0Number of asset objects unloaded after import = 22

========================================================================
Received Import Request.
  Time since last request: 0.000025 seconds.
  path: Assets/Real Assets/Game_Sprites/Fireballs/BlueExplosion.png
  artifactKey: Guid(b3c797929aa52a047b9f2eeecba6f2dd) Importer(2089858483,192608db42251d675da83286b1cce702)
Start importing Assets/Real Assets/Game_Sprites/Fireballs/BlueExplosion.png using Guid(b3c797929aa52a047b9f2eeecba6f2dd) Importer(2089858483,192608db42251d675da83286b1cce702) (ScriptedImporter) -> (artifact id: '4eed8a4592c17a842d3f42afdbd8c870') in 0.0884971 seconds
Number of updated asset objects reloaded before import = 0Number of asset objects unloaded after import = 8

========================================================================
Received Import Request.
  Time since last request: 0.000030 seconds.
  path: Assets/VoiceCommand/FireballSumonnerVoice.cs
  artifactKey: Guid(247026cf7f14cdc428a97cef6062e26c) Importer(2089858483,192608db42251d675da83286b1cce702)
Start importing Assets/VoiceCommand/FireballSumonnerVoice.cs using Guid(247026cf7f14cdc428a97cef6062e26c) Importer(2089858483,192608db42251d675da83286b1cce702) (ScriptedImporter) -> (artifact id: 'd8480736a6b8ea2b40ea46622b434e6a') in 0.0375718 seconds
Number of updated asset objects reloaded before import = 0Number of asset objects unloaded after import = 0

========================================================================
Received Import Request.
  Time since last request: 0.000018 seconds.
  path: Assets/punchDamage.cs
  artifactKey: Guid(862c2a07db4238c4f9315fad42ceb96a) Importer(2089858483,192608db42251d675da83286b1cce702)
Start importing Assets/punchDamage.cs using Guid(862c2a07db4238c4f9315fad42ceb96a) Importer(2089858483,192608db42251d675da83286b1cce702) (ScriptedImporter) -> (artifact id: '26b8e7fb1c243fdc4bca156f49e476c9') in 0.014747 seconds
Number of updated asset objects reloaded before import = 0Number of asset objects unloaded after import = 0

========================================================================
Received Import Request.
  Time since last request: 0.000024 seconds.
  path: Assets/MenuSprites/MainMenuUI.unity
  artifactKey: Guid(dfa00d8ec40e1a649943d099f33c4264) Importer(2089858483,192608db42251d675da83286b1cce702)
Start importing Assets/MenuSprites/MainMenuUI.unity using Guid(dfa00d8ec40e1a649943d099f33c4264) Importer(2089858483,192608db42251d675da83286b1cce702) (ScriptedImporter) -> (artifact id: 'df34c5db87a83072c315d5695023fe74') in 0.0503408 seconds
Number of updated asset objects reloaded before import = 0Number of asset objects unloaded after import = 1

========================================================================
Received Import Request.
  Time since last request: 0.000018 seconds.
  path: Assets/TextMesh Pro/Shaders/TMP_Bitmap-Custom-Atlas.shader
  artifactKey: Guid(48bb5f55d8670e349b6e614913f9d910) Importer(2089858483,192608db42251d675da83286b1cce702)
Start importing Assets/TextMesh Pro/Shaders/TMP_Bitmap-Custom-Atlas.shader using Guid(48bb5f55d8670e349b6e614913f9d910) Importer(2089858483,192608db42251d675da83286b1cce702) (ScriptedImporter) -> (artifact id: '157c06476d7ddaf60b4c9cd2fcfbf226') in 0.0574801 seconds
Number of updated asset objects reloaded before import = 0Number of asset objects unloaded after import = 1

========================================================================
Received Import Request.
  Time since last request: 0.000031 seconds.
  path: Assets/Real Assets/Game_Sprites/Steve Streetfight/Dash1.png
  artifactKey: Guid(8f9f88859e8c7bd4f96a0dd1de81929b) Importer(2089858483,192608db42251d675da83286b1cce702)
Start importing Assets/Real Assets/Game_Sprites/Steve Streetfight/Dash1.png using Guid(8f9f88859e8c7bd4f96a0dd1de81929b) Importer(2089858483,192608db42251d675da83286b1cce702) (ScriptedImporter) -> (artifact id: '93ef6d2ec98f84231de4aa0fd7424883') in 0.0750523 seconds
Number of updated asset objects reloaded before import = 0Number of asset objects unloaded after import = 3

========================================================================
Received Import Request.
  Time since last request: 0.000018 seconds.
  path: Assets/Real Assets/RedExplosion_0.controller
  artifactKey: Guid(2913e8f4f91c4e94ba0927b05729f070) Importer(2089858483,192608db42251d675da83286b1cce702)
Start importing Assets/Real Assets/RedExplosion_0.controller using Guid(2913e8f4f91c4e94ba0927b05729f070) Importer(2089858483,192608db42251d675da83286b1cce702) (ScriptedImporter) -> (artifact id: 'cf06c82352fb838cd1f7cc07ae8c4b1f') in 0.0186633 seconds
Number of updated asset objects reloaded before import = 0Number of asset objects unloaded after import = 4

========================================================================
Received Import Request.
  Time since last request: 0.000029 seconds.
  path: Assets/MenuSprites/Untitled609_20251210225854.png
  artifactKey: Guid(86bc1a572c2893b45a548c674d9d1354) Importer(2089858483,192608db42251d675da83286b1cce702)
Start importing Assets/MenuSprites/Untitled609_20251210225854.png using Guid(86bc1a572c2893b45a548c674d9d1354) Importer(2089858483,192608db42251d675da83286b1cce702) (ScriptedImporter) -> (artifact id: 'fa381a0593b5ec97ce819f026a45b0ec') in 0.0758855 seconds
Number of updated asset objects reloaded before import = 0Number of asset objects unloaded after import = 3

========================================================================
Received Import Request.
  Time since last request: 0.000032 seconds.
  path: Assets/Real Assets/Game_Sprites/Fireballs/Untitled599_20251208143400.png
  artifactKey: Guid(05975662494bea04d9e13977eb3cdadc) Importer(2089858483,192608db42251d675da83286b1cce702)
Start importing Assets/Real Assets/Game_Sprites/Fireballs/Untitled599_20251208143400.png using Guid(05975662494bea04d9e13977eb3cdadc) Importer(2089858483,192608db42251d675da83286b1cce702) (ScriptedImporter) -> (artifact id: '34d68925e6efe6f2d7ec41ab664f0cc8') in 0.0696389 seconds
Number of updated asset objects reloaded before import = 0Number of asset objects unloaded after import = 3

========================================================================
Received Import Request.
  Time since last request: 0.000019 seconds.
  path: Assets/Real Assets/Game_Sprites/Cards/Fireballcard.png
  artifactKey: Guid(d869d5de72c5e4e42b4f539ba63728b5) Importer(2089858483,192608db42251d675da83286b1cce702)
Start importing Assets/Real Assets/Game_Sprites/Cards/Fireballcard.png using Guid(d869d5de72c5e4e42b4f539ba63728b5) Importer(2089858483,192608db42251d675da83286b1cce702) (ScriptedImporter) -> (artifact id: '1984ff9449cca36b21d35015403aa223') in 0.065927 seconds
Number of updated asset objects reloaded before import = 0Number of asset objects unloaded after import = 3

========================================================================
Received Import Request.
  Time since last request: 0.000022 seconds.
  path: Assets/Real Assets/Game_Sprites/Steve Streetfight/Walk2.png
  artifactKey: Guid(05a8e940c7b57e84281e7111b510a54d) Importer(2089858483,192608db42251d675da83286b1cce702)
Start importing Assets/Real Assets/Game_Sprites/Steve Streetfight/Walk2.png using Guid(05a8e940c7b57e84281e7111b510a54d) Importer(2089858483,192608db42251d675da83286b1cce702) (ScriptedImporter) -> (artifact id: '545e5c8e8e8051371c8ead7fadc5a7cb') in 0.1168365 seconds
Number of updated asset objects reloaded before import = 0Number of asset objects unloaded after import = 3

========================================================================
Received Import Request.
  Time since last request: 0.000030 seconds.
  path: Assets/Animation/Jump.anim
  artifactKey: Guid(86254a864b8a423439fa38817c9ed971) Importer(2089858483,192608db42251d675da83286b1cce702)
Start importing Assets/Animation/Jump.anim using Guid(86254a864b8a423439fa38817c9ed971) Importer(2089858483,192608db42251d675da83286b1cce702) (ScriptedImporter) -> (artifact id: 'f0d4269633b5c5402050eea1298aa454') in 0.0866277 seconds
Number of updated asset objects reloaded before import = 0Number of asset objects unloaded after import = 1

========================================================================
Received Import Request.
  Time since last request: 0.000017 seconds.
  path: Assets/Animation/P1FireBall.anim
  artifactKey: Guid(d978ec210be5c5c43a23167e0ced2a71) Importer(2089858483,192608db42251d675da83286b1cce702)
Start importing Assets/Animation/P1FireBall.anim using Guid(d978ec210be5c5c43a23167e0ced2a71) Importer(2089858483,192608db42251d675da83286b1cce702) (ScriptedImporter) -> (artifact id: 'b06f1f05d40001cc220b42e0c421a5f2') in 0.0290397 seconds
Number of updated asset objects reloaded before import = 0Number of asset objects unloaded after import = 1

========================================================================
Received Import Request.
  Time since last request: 23.528022 seconds.
  path: Assets/TextMesh Pro/Examples & Extras/Scenes/20 - Input Field with Scrollbar.unity
  artifactKey: Guid(337f92480dd24675aae9e79210fb1ad9) Importer(2089858483,192608db42251d675da83286b1cce702)
Start importing Assets/TextMesh Pro/Examples & Extras/Scenes/20 - Input Field with Scrollbar.unity using Guid(337f92480dd24675aae9e79210fb1ad9) Importer(2089858483,192608db42251d675da83286b1cce702) (ScriptedImporter) -> (artifact id: '3029e2f9715b5917c4e78bfe5c555fc7') in 0.0299068 seconds
Number of updated asset objects reloaded before import = 0Number of asset objects unloaded after import = 1

========================================================================
Received Import Request.
  Time since last request: 0.000021 seconds.
  path: Assets/TextMesh Pro/Examples & Extras/Scripts/EnvMapAnimator.cs
  artifactKey: Guid(a4b6f99e8bc54541bbd149b014ff441c) Importer(2089858483,192608db42251d675da83286b1cce702)
Start importing Assets/TextMesh Pro/Examples & Extras/Scripts/EnvMapAnimator.cs using Guid(a4b6f99e8bc54541bbd149b014ff441c) Importer(2089858483,192608db42251d675da83286b1cce702) (ScriptedImporter) -> (artifact id: '67335aabbde853d462502d043e0b2318') in 0.0178284 seconds
Number of updated asset objects reloaded before import = 0Number of asset objects unloaded after import = 0

========================================================================
Received Import Request.
  Time since last request: 0.000034 seconds.
  path: Assets/TextMesh Pro/Examples & Extras/Scenes/25 - Sunny Days Example.unity
  artifactKey: Guid(f9b4c22e15cff344ba9fc6542a58dd07) Importer(2089858483,192608db42251d675da83286b1cce702)
Start importing Assets/TextMesh Pro/Examples & Extras/Scenes/25 - Sunny Days Example.unity using Guid(f9b4c22e15cff344ba9fc6542a58dd07) Importer(2089858483,192608db42251d675da83286b1cce702) (ScriptedImporter) -> (artifact id: 'aadf540d1009efd886af34d89082ecd5') in 0.0325327 seconds
Number of updated asset objects reloaded before import = 0Number of asset objects unloaded after import = 1

========================================================================
Received Import Request.
  Time since last request: 0.000017 seconds.
  path: Assets/TextMesh Pro/Resources/Fonts & Materials/LiberationSans SDF - Fallback.asset
  artifactKey: Guid(2e498d1c8094910479dc3e1b768306a4) Importer(2089858483,192608db42251d675da83286b1cce702)
Start importing Assets/TextMesh Pro/Resources/Fonts & Materials/LiberationSans SDF - Fallback.asset using Guid(2e498d1c8094910479dc3e1b768306a4) Importer(2089858483,192608db42251d675da83286b1cce702) (ScriptedImporter) -> (artifact id: '356e359a582a989505779117592ff120') in 0.054112 seconds
Number of updated asset objects reloaded before import = 0Number of asset objects unloaded after import = 5

========================================================================
Received Import Request.
  Time since last request: 0.000033 seconds.
  path: Assets/TextMesh Pro/Examples & Extras/Scenes/27 - Double Pass Shader Example.unity
  artifactKey: Guid(3b38a6ba32b869f48812e595baf39746) Importer(2089858483,192608db42251d675da83286b1cce702)
Start importing Assets/TextMesh Pro/Examples & Extras/Scenes/27 - Double Pass Shader Example.unity using Guid(3b38a6ba32b869f48812e595baf39746) Importer(2089858483,192608db42251d675da83286b1cce702) (ScriptedImporter) -> (artifact id: '570480aae31171b2bf1f1702ce8e5650') in 0.0178766 seconds
Number of updated asset objects reloaded before import = 0Number of asset objects unloaded after import = 1

========================================================================
Received Import Request.
  Time since last request: 0.000039 seconds.
  path: Assets/TextMesh Pro/Examples & Extras/Textures/Gradient Diagonal (Color).jpg
  artifactKey: Guid(2ce5c55e85304b819a1826ecbc839aa5) Importer(2089858483,192608db42251d675da83286b1cce702)
Start importing Assets/TextMesh Pro/Examples & Extras/Textures/Gradient Diagonal (Color).jpg using Guid(2ce5c55e85304b819a1826ecbc839aa5) Importer(2089858483,192608db42251d675da83286b1cce702) (ScriptedImporter) -> (artifact id: 'b127d6edc90685bece762d0d27b4d829') in 0.0432866 seconds
Number of updated asset objects reloaded before import = 0Number of asset objects unloaded after import = 1

========================================================================
Received Import Request.
  Time since last request: 0.000016 seconds.
  path: Assets/TextMesh Pro/Examples & Extras/Textures/Fruit Jelly (B&W).jpg
  artifactKey: Guid(1cdc5b506b1a4a33a53c30669ced1f51) Importer(2089858483,192608db42251d675da83286b1cce702)
Start importing Assets/TextMesh Pro/Examples & Extras/Textures/Fruit Jelly (B&W).jpg using Guid(1cdc5b506b1a4a33a53c30669ced1f51) Importer(2089858483,192608db42251d675da83286b1cce702) (ScriptedImporter) -> (artifact id: '3688ec15e5177c4c1a55de5eb8e7fd92') in 0.0242689 seconds
Number of updated asset objects reloaded before import = 0Number of asset objects unloaded after import = 1

========================================================================
Received Import Request.
  Time since last request: 0.000019 seconds.
  path: Assets/TextMesh Pro/Examples & Extras/Scripts/SkewTextExample.cs
  artifactKey: Guid(d412675cfb3441efa3bf8dcd9b7624dc) Importer(2089858483,192608db42251d675da83286b1cce702)
Start importing Assets/TextMesh Pro/Examples & Extras/Scripts/SkewTextExample.cs using Guid(d412675cfb3441efa3bf8dcd9b7624dc) Importer(2089858483,192608db42251d675da83286b1cce702) (ScriptedImporter) -> (artifact id: '803f1d1db377f82996b2c1046b33efee') in 0.0182413 seconds
Number of updated asset objects reloaded before import = 0Number of asset objects unloaded after import = 0

========================================================================
Received Import Request.
  Time since last request: 0.000022 seconds.
  path: Assets/TextMesh Pro/Examples & Extras/Scripts/TMP_UiFrameRateCounter.cs
  artifactKey: Guid(24b0dc2d1d494adbbec1f4db26b4cf83) Importer(2089858483,192608db42251d675da83286b1cce702)
Start importing Assets/TextMesh Pro/Examples & Extras/Scripts/TMP_UiFrameRateCounter.cs using Guid(24b0dc2d1d494adbbec1f4db26b4cf83) Importer(2089858483,192608db42251d675da83286b1cce702) (ScriptedImporter) -> (artifact id: '07d992404c1fb20bc748e1f128aa5416') in 0.0144022 seconds
Number of updated asset objects reloaded before import = 0Number of asset objects unloaded after import = 0

========================================================================
Received Import Request.
  Time since last request: 0.000027 seconds.
  path: Assets/TextMesh Pro/Examples & Extras/Scripts/VertexZoom.cs
  artifactKey: Guid(52ec835d14bd486f900952b77698b7eb) Importer(2089858483,192608db42251d675da83286b1cce702)
Start importing Assets/TextMesh Pro/Examples & Extras/Scripts/VertexZoom.cs using Guid(52ec835d14bd486f900952b77698b7eb) Importer(2089858483,192608db42251d675da83286b1cce702) (ScriptedImporter) -> (artifact id: '29da0de8ca22c2eb45eb1fd6f8ea70b3') in 0.0163412 seconds
Number of updated asset objects reloaded before import = 0Number of asset objects unloaded after import = 0

========================================================================
Received Import Request.
  Time since last request: 0.000025 seconds.
  path: Assets/TextMesh Pro/Examples & Extras/Scenes/24 - Surface Shader Example URP.unity
  artifactKey: Guid(57694ed9d1cd1e340a4924c0f2eac8e3) Importer(2089858483,192608db42251d675da83286b1cce702)
Start importing Assets/TextMesh Pro/Examples & Extras/Scenes/24 - Surface Shader Example URP.unity using Guid(57694ed9d1cd1e340a4924c0f2eac8e3) Importer(2089858483,192608db42251d675da83286b1cce702) (ScriptedImporter) -> (artifact id: '9afe763e611a668f2a92f0963ff7e238') in 0.0326543 seconds
Number of updated asset objects reloaded before import = 0Number of asset objects unloaded after import = 1

========================================================================
Received Import Request.
  Time since last request: 0.000018 seconds.
  path: Assets/TextMesh Pro/Examples & Extras/Scripts/ShaderPropAnimator.cs
  artifactKey: Guid(2787a46a4dc848c1b4b7b9307b614bfd) Importer(2089858483,192608db42251d675da83286b1cce702)
Start importing Assets/TextMesh Pro/Examples & Extras/Scripts/ShaderPropAnimator.cs using Guid(2787a46a4dc848c1b4b7b9307b614bfd) Importer(2089858483,192608db42251d675da83286b1cce702) (ScriptedImporter) -> (artifact id: '9881cfb956e2e7f968411b82b3c04e6e') in 0.0178867 seconds
Number of updated asset objects reloaded before import = 0Number of asset objects unloaded after import = 0

========================================================================
Received Import Request.
  Time since last request: 0.000033 seconds.
  path: Assets/TextMesh Pro/Examples & Extras/Resources/Fonts & Materials/Roboto-Bold SDF - HDRP Unlit.mat
  artifactKey: Guid(2ddca8f46aa0838419d568affb0ca6b4) Importer(2089858483,192608db42251d675da83286b1cce702)
Start importing Assets/TextMesh Pro/Examples & Extras/Resources/Fonts & Materials/Roboto-Bold SDF - HDRP Unlit.mat using Guid(2ddca8f46aa0838419d568affb0ca6b4) Importer(2089858483,192608db42251d675da83286b1cce702) (ScriptedImporter) -> (artifact id: '7806142c1a19b514e7695f06749e5afa') in 0.043957 seconds
Number of updated asset objects reloaded before import = 0Number of asset objects unloaded after import = 4

========================================================================
Received Import Request.
  Time since last request: 0.000040 seconds.
  path: Assets/TextMesh Pro/Examples & Extras/Scripts/DropdownSample.cs
  artifactKey: Guid(ac1eb05af6d391b4eb0f4c070a99f1d0) Importer(2089858483,192608db42251d675da83286b1cce702)
Start importing Assets/TextMesh Pro/Examples & Extras/Scripts/DropdownSample.cs using Guid(ac1eb05af6d391b4eb0f4c070a99f1d0) Importer(2089858483,192608db42251d675da83286b1cce702) (ScriptedImporter) -> (artifact id: '52c15a0d5a2cb597e877762fc0a56126') in 0.0176199 seconds
Number of updated asset objects reloaded before import = 0Number of asset objects unloaded after import = 0

========================================================================
Received Import Request.
  Time since last request: 0.000019 seconds.
  path: Assets/TextMesh Pro/Examples & Extras/Textures/Wipe Pattern - Diagonal.psd
  artifactKey: Guid(ed5290d8df18488780e2996b9b882f01) Importer(2089858483,192608db42251d675da83286b1cce702)
Start importing Assets/TextMesh Pro/Examples & Extras/Textures/Wipe Pattern - Diagonal.psd using Guid(ed5290d8df18488780e2996b9b882f01) Importer(2089858483,192608db42251d675da83286b1cce702) (ScriptedImporter) -> (artifact id: '64c3926c94ac4ca52dd045745c73b8f0') in 0.0356354 seconds
Number of updated asset objects reloaded before import = 0Number of asset objects unloaded after import = 1

========================================================================
Received Import Request.
  Time since last request: 0.000016 seconds.
  path: Assets/TextMesh Pro/Examples & Extras/Scripts/TeleType.cs
  artifactKey: Guid(e32c266ee6204b21a427753cb0694c81) Importer(2089858483,192608db42251d675da83286b1cce702)
Start importing Assets/TextMesh Pro/Examples & Extras/Scripts/TeleType.cs using Guid(e32c266ee6204b21a427753cb0694c81) Importer(2089858483,192608db42251d675da83286b1cce702) (ScriptedImporter) -> (artifact id: 'a1b1d2713aaf8c6bec670fe2fefc6389') in 0.0157372 seconds
Number of updated asset objects reloaded before import = 0Number of asset objects unloaded after import = 0

========================================================================
Received Import Request.
  Time since last request: 0.000018 seconds.
  path: Assets/TextMesh Pro/Examples & Extras/Resources/Color Gradient Presets/Dark to Light Green - Vertical.asset
  artifactKey: Guid(4c86a3366cd840348ebe8dc438570ee4) Importer(2089858483,192608db42251d675da83286b1cce702)
Start importing Assets/TextMesh Pro/Examples & Extras/Resources/Color Gradient Presets/Dark to Light Green - Vertical.asset using Guid(4c86a3366cd840348ebe8dc438570ee4) Importer(2089858483,192608db42251d675da83286b1cce702) (ScriptedImporter) -> (artifact id: 'bd19ffbfe13a0e17901127799bfcbad6') in 0.0182407 seconds
Number of updated asset objects reloaded before import = 0Number of asset objects unloaded after import = 1

========================================================================
Received Import Request.
  Time since last request: 0.000029 seconds.
  path: Assets/TextMesh Pro/Examples & Extras/Scenes/22 - Basic Scripting Example.unity
  artifactKey: Guid(6250f98e58fe4abbaada5d84b7ca846d) Importer(2089858483,192608db42251d675da83286b1cce702)
Start importing Assets/TextMesh Pro/Examples & Extras/Scenes/22 - Basic Scripting Example.unity using Guid(6250f98e58fe4abbaada5d84b7ca846d) Importer(2089858483,192608db42251d675da83286b1cce702) (ScriptedImporter) -> (artifact id: '1d1281dd022f1b3e5ce0a5987b5661bd') in 0.0412899 seconds
Number of updated asset objects reloaded before import = 0Number of asset objects unloaded after import = 1

========================================================================
Received Import Request.
  Time since last request: 0.000016 seconds.
  path: Assets/TextMesh Pro/Examples & Extras/Scripts/CameraController.cs
  artifactKey: Guid(2d687537154440a3913a9a3c7977978c) Importer(2089858483,192608db42251d675da83286b1cce702)
Start importing Assets/TextMesh Pro/Examples & Extras/Scripts/CameraController.cs using Guid(2d687537154440a3913a9a3c7977978c) Importer(2089858483,192608db42251d675da83286b1cce702) (ScriptedImporter) -> (artifact id: '5b58fbdf0319957151a871e4a61b5cb4') in 0.0175206 seconds
Number of updated asset objects reloaded before import = 0Number of asset objects unloaded after import = 0

========================================================================
Received Import Request.
  Time since last request: 0.000016 seconds.
  path: Assets/TextMesh Pro/Examples & Extras/Scripts/WarpTextExample.cs
  artifactKey: Guid(790744c462254b7ba8038e6ed28b3db2) Importer(2089858483,192608db42251d675da83286b1cce702)
Start importing Assets/TextMesh Pro/Examples & Extras/Scripts/WarpTextExample.cs using Guid(790744c462254b7ba8038e6ed28b3db2) Importer(2089858483,192608db42251d675da83286b1cce702) (ScriptedImporter) -> (artifact id: 'c99cd548ec31790f858f56ee7c117903') in 0.0147529 seconds
Number of updated asset objects reloaded before import = 0Number of asset objects unloaded after import = 0

========================================================================
Received Import Request.
  Time since last request: 0.000021 seconds.
  path: Assets/TextMesh Pro/Examples & Extras/Scenes/24 - Surface Shader Example.unity
  artifactKey: Guid(8c4969fd8ba94a68b07cf11f3e7a5137) Importer(2089858483,192608db42251d675da83286b1cce702)
Start importing Assets/TextMesh Pro/Examples & Extras/Scenes/24 - Surface Shader Example.unity using Guid(8c4969fd8ba94a68b07cf11f3e7a5137) Importer(2089858483,192608db42251d675da83286b1cce702) (ScriptedImporter) -> (artifact id: '53d8e32bcda46ee13bb124b7dfa91949') in 0.0184955 seconds
Number of updated asset objects reloaded before import = 0Number of asset objects unloaded after import = 1

========================================================================
Received Import Request.
  Time since last request: 0.000024 seconds.
  path: Assets/TextMesh Pro/Examples & Extras/Resources/Color Gradient Presets/Light to Dark Green - Vertical.asset
  artifactKey: Guid(5cf8ae092ca54931b443bec5148f3c59) Importer(2089858483,192608db42251d675da83286b1cce702)
Start importing Assets/TextMesh Pro/Examples & Extras/Resources/Color Gradient Presets/Light to Dark Green - Vertical.asset using Guid(5cf8ae092ca54931b443bec5148f3c59) Importer(2089858483,192608db42251d675da83286b1cce702) (ScriptedImporter) -> (artifact id: '073478f57ee6abcfa9a1db147c479e6f') in 0.0178429 seconds
Number of updated asset objects reloaded before import = 0Number of asset objects unloaded after import = 1

========================================================================
Received Import Request.
  Time since last request: 0.000018 seconds.
  path: Assets/TextMesh Pro/Examples & Extras/Textures/Mask Zig-n-Zag.psd
  artifactKey: Guid(bb8dfcd263ad4eb383a33d74a720be6f) Importer(2089858483,192608db42251d675da83286b1cce702)
Start importing Assets/TextMesh Pro/Examples & Extras/Textures/Mask Zig-n-Zag.psd using Guid(bb8dfcd263ad4eb383a33d74a720be6f) Importer(2089858483,192608db42251d675da83286b1cce702) (ScriptedImporter) -> (artifact id: '79da625a14f0ba53cdfb60c2fc4f1b26') in 0.0449008 seconds
Number of updated asset objects reloaded before import = 0Number of asset objects unloaded after import = 1

========================================================================
Received Import Request.
  Time since last request: 0.000017 seconds.
  path: Assets/TextMesh Pro/Examples & Extras/Textures/Wipe Pattern - Radial Double.psd
  artifactKey: Guid(7631f4eff8f74ed38eb3eb9db17134e1) Importer(2089858483,192608db42251d675da83286b1cce702)
Start importing Assets/TextMesh Pro/Examples & Extras/Textures/Wipe Pattern - Radial Double.psd using Guid(7631f4eff8f74ed38eb3eb9db17134e1) Importer(2089858483,192608db42251d675da83286b1cce702) (ScriptedImporter) -> (artifact id: '000185775541259882e6282475f89a52') in 0.0314025 seconds
Number of updated asset objects reloaded before import = 0Number of asset objects unloaded after import = 1

========================================================================
Received Import Request.
  Time since last request: 0.000025 seconds.
  path: Assets/TextMesh Pro/Examples & Extras/Resources/Fonts & Materials/Anton SDF.asset
  artifactKey: Guid(8a89fa14b10d46a99122fd4f73fca9a2) Importer(2089858483,192608db42251d675da83286b1cce702)
Start importing Assets/TextMesh Pro/Examples & Extras/Resources/Fonts & Materials/Anton SDF.asset using Guid(8a89fa14b10d46a99122fd4f73fca9a2) Importer(2089858483,192608db42251d675da83286b1cce702) (ScriptedImporter) -> (artifact id: '16dbdb3bf5c8a61309ed3755a73b2afe') in 0.0435447 seconds
Number of updated asset objects reloaded before import = 0Number of asset objects unloaded after import = 5

========================================================================
Received Import Request.
  Time since last request: 0.000030 seconds.
  path: Assets/TextMesh Pro/Examples & Extras/Scenes/26 - Dropdown Placeholder Example.unity
  artifactKey: Guid(0851605490a599b46b6ac5cb681d93ea) Importer(2089858483,192608db42251d675da83286b1cce702)
Start importing Assets/TextMesh Pro/Examples & Extras/Scenes/26 - Dropdown Placeholder Example.unity using Guid(0851605490a599b46b6ac5cb681d93ea) Importer(2089858483,192608db42251d675da83286b1cce702) (ScriptedImporter) -> (artifact id: '2c93c816807f3972e48b661d6fb375d9') in 0.0173842 seconds
Number of updated asset objects reloaded before import = 0Number of asset objects unloaded after import = 1

========================================================================
Received Import Request.
  Time since last request: 0.000017 seconds.
  path: Assets/TextMesh Pro/Examples & Extras/Resources/Fonts & Materials/Roboto-Bold SDF.asset
  artifactKey: Guid(5302535af1044152a457ed104f1f4b91) Importer(2089858483,192608db42251d675da83286b1cce702)
Start importing Assets/TextMesh Pro/Examples & Extras/Resources/Fonts & Materials/Roboto-Bold SDF.asset using Guid(5302535af1044152a457ed104f1f4b91) Importer(2089858483,192608db42251d675da83286b1cce702) (ScriptedImporter) -> (artifact id: '2c5471d56ac45d7d37ccc9989979cd2e') in 0.0298159 seconds
Number of updated asset objects reloaded before import = 0Number of asset objects unloaded after import = 5

========================================================================
Received Import Request.
  Time since last request: 0.000019 seconds.
  path: Assets/TextMesh Pro/Examples & Extras/Scenes/28 - HDRP Shader Example/Sky and Fog Volume Profile.asset
  artifactKey: Guid(83ba2e375bed45f48bce43e5a5f7c88a) Importer(2089858483,192608db42251d675da83286b1cce702)
Start importing Assets/TextMesh Pro/Examples & Extras/Scenes/28 - HDRP Shader Example/Sky and Fog Volume Profile.asset using Guid(83ba2e375bed45f48bce43e5a5f7c88a) Importer(2089858483,192608db42251d675da83286b1cce702) (ScriptedImporter) -> (artifact id: 'b872e4c42d85ba78da58cf8906abac2e') in 0.0184175 seconds
Number of updated asset objects reloaded before import = 0Number of asset objects unloaded after import = 2

========================================================================
Received Import Request.
  Time since last request: 0.000027 seconds.
  path: Assets/TextMesh Pro/Examples & Extras/Scripts/VertexShakeB.cs
  artifactKey: Guid(e4e0d9ccee5f4950be8979268c9014e0) Importer(2089858483,192608db42251d675da83286b1cce702)
Start importing Assets/TextMesh Pro/Examples & Extras/Scripts/VertexShakeB.cs using Guid(e4e0d9ccee5f4950be8979268c9014e0) Importer(2089858483,192608db42251d675da83286b1cce702) (ScriptedImporter) -> (artifact id: '3a69ee72b1862c057dd743ceb9e4fc4a') in 0.0184215 seconds
Number of updated asset objects reloaded before import = 0Number of asset objects unloaded after import = 0

========================================================================
Received Import Request.
  Time since last request: 0.000029 seconds.
  path: Assets/TextMesh Pro/Examples & Extras/Resources/Fonts & Materials/Bangers SDF - Drop Shadow.mat
  artifactKey: Guid(f2dcf029949142e28b974630369c8b4e) Importer(2089858483,192608db42251d675da83286b1cce702)
Start importing Assets/TextMesh Pro/Examples & Extras/Resources/Fonts & Materials/Bangers SDF - Drop Shadow.mat using Guid(f2dcf029949142e28b974630369c8b4e) Importer(2089858483,192608db42251d675da83286b1cce702) (ScriptedImporter) -> (artifact id: '02392a900dc005a40d0ac4c611f4db68') in 0.0194858 seconds
Number of updated asset objects reloaded before import = 0Number of asset objects unloaded after import = 2

========================================================================
Received Import Request.
  Time since last request: 0.000019 seconds.
  path: Assets/TextMesh Pro/Examples & Extras/Textures/Text Overflow - Linked Text Image 1.png
  artifactKey: Guid(4ccf43d26c4748c792174516f4a8fcef) Importer(2089858483,192608db42251d675da83286b1cce702)
Start importing Assets/TextMesh Pro/Examples & Extras/Textures/Text Overflow - Linked Text Image 1.png using Guid(4ccf43d26c4748c792174516f4a8fcef) Importer(2089858483,192608db42251d675da83286b1cce702) (ScriptedImporter) -> (artifact id: '5ca5c29246b0c30f380c32e663644668') in 0.0258162 seconds
Number of updated asset objects reloaded before import = 0Number of asset objects unloaded after import = 1

========================================================================
Received Import Request.
  Time since last request: 0.000015 seconds.
  path: Assets/TextMesh Pro/Examples & Extras/Textures/Brushed Metal 3.jpg
  artifactKey: Guid(f88677df267a41d6be1e7a6133e7d227) Importer(2089858483,192608db42251d675da83286b1cce702)
Start importing Assets/TextMesh Pro/Examples & Extras/Textures/Brushed Metal 3.jpg using Guid(f88677df267a41d6be1e7a6133e7d227) Importer(2089858483,192608db42251d675da83286b1cce702) (ScriptedImporter) -> (artifact id: 'f80222331c612f770e207049c8cafd93') in 0.1346799 seconds
Number of updated asset objects reloaded before import = 0Number of asset objects unloaded after import = 1

========================================================================
Received Import Request.
  Time since last request: 0.000020 seconds.
  path: Assets/TextMesh Pro/Examples & Extras/Textures/Floor Tiles 1 - diffuse.jpg
  artifactKey: Guid(85ac55597b97403c82fc6601a93cf241) Importer(2089858483,192608db42251d675da83286b1cce702)
Start importing Assets/TextMesh Pro/Examples & Extras/Textures/Floor Tiles 1 - diffuse.jpg using Guid(85ac55597b97403c82fc6601a93cf241) Importer(2089858483,192608db42251d675da83286b1cce702) (ScriptedImporter) -> (artifact id: 'ca95e83bc7e554d9bc38ca5d9f6086e4') in 0.023362 seconds
Number of updated asset objects reloaded before import = 0Number of asset objects unloaded after import = 1

========================================================================
Received Import Request.
  Time since last request: 0.000026 seconds.
  path: Assets/TextMesh Pro/Examples & Extras/Scripts/TextMeshProFloatingText.cs
  artifactKey: Guid(a4d4c76e63944cba8c7d00f56334b98c) Importer(2089858483,192608db42251d675da83286b1cce702)
Start importing Assets/TextMesh Pro/Examples & Extras/Scripts/TextMeshProFloatingText.cs using Guid(a4d4c76e63944cba8c7d00f56334b98c) Importer(2089858483,192608db42251d675da83286b1cce702) (ScriptedImporter) -> (artifact id: '9ee505ac6fad2054ae2d0805604f3dd6') in 0.0186096 seconds
Number of updated asset objects reloaded before import = 0Number of asset objects unloaded after import = 0

========================================================================
Received Import Request.
  Time since last request: 0.000019 seconds.
  path: Assets/TextMesh Pro/Examples & Extras/Resources/Fonts & Materials/Anton SDF - Sunny Days.mat
  artifactKey: Guid(6522f30e342599e4e9dd4cc2cc03c830) Importer(2089858483,192608db42251d675da83286b1cce702)
Start importing Assets/TextMesh Pro/Examples & Extras/Resources/Fonts & Materials/Anton SDF - Sunny Days.mat using Guid(6522f30e342599e4e9dd4cc2cc03c830) Importer(2089858483,192608db42251d675da83286b1cce702) (ScriptedImporter) -> (artifact id: '35d167052159c08b14c96f3c6c6437fb') in 0.0255233 seconds
Number of updated asset objects reloaded before import = 0Number of asset objects unloaded after import = 4

========================================================================
Received Import Request.
  Time since last request: 0.000020 seconds.
  path: Assets/TextMesh Pro/Examples & Extras/Resources/Fonts & Materials/Bangers SDF - Drop Shadow - 2 Pass.mat
  artifactKey: Guid(947a44964e53bf0448ff698b2a2219c0) Importer(2089858483,192608db42251d675da83286b1cce702)
Start importing Assets/TextMesh Pro/Examples & Extras/Resources/Fonts & Materials/Bangers SDF - Drop Shadow - 2 Pass.mat using Guid(947a44964e53bf0448ff698b2a2219c0) Importer(2089858483,192608db42251d675da83286b1cce702) (ScriptedImporter) -> (artifact id: '2bcdf1ad9790be66f013110a8bc57e8c') in 0.0204395 seconds
Number of updated asset objects reloaded before import = 0Number of asset objects unloaded after import = 2

========================================================================
Received Prepare
Begin MonoManager ReloadAssembly
- Loaded All Assemblies, in  1.423 seconds
Refreshing native plugins compatible for Editor in 3.58 ms, found 4 plugins.
Native extension for WindowsStandalone target not found
[Package Manager] Failed to launch server process. Reason: Unity was launched with the -noUpm command-line argument
[Package Manager] Unable to send message (not connected to server process).
[Package Manager] Cannot connect to Unity Package Manager local server
Mono: successfully reloaded assembly
- Finished resetting the current domain, in  1.193 seconds
Domain Reload Profiling: 2605ms
	BeginReloadAssembly (334ms)
		ExecutionOrderSort (0ms)
		DisableScriptedObjects (16ms)
		BackupInstance (0ms)
		ReleaseScriptingObjects (0ms)
		CreateAndSetChildDomain (91ms)
	RebuildCommonClasses (46ms)
	RebuildNativeTypeToScriptingClass (13ms)
	initialDomainReloadingComplete (45ms)
	LoadAllAssembliesAndSetupDomain (974ms)
		LoadAssemblies (906ms)
		RebuildTransferFunctionScriptingTraits (0ms)
		AnalyzeDomain (219ms)
			TypeCache.Refresh (7ms)
				TypeCache.ScanAssembly (0ms)
			BuildScriptInfoCaches (196ms)
			ResolveRequiredComponents (13ms)
	FinalizeReload (1193ms)
		ReleaseScriptCaches (0ms)
		RebuildScriptCaches (0ms)
		SetupLoadedEditorAssemblies (986ms)
			LogAssemblyErrors (0ms)
			InitializePlatformSupportModulesInManaged (2ms)
			SetLoadedEditorAssemblies (5ms)
			BeforeProcessingInitializeOnLoad (229ms)
			ProcessInitializeOnLoadAttributes (650ms)
			ProcessInitializeOnLoadMethodAttributes (82ms)
			AfterProcessingInitializeOnLoad (19ms)
			EditorAssembliesLoaded (0ms)
		ExecutionOrderSort2 (0ms)
		AwakeInstancesAfterBackupRestoration (18ms)
Refreshing native plugins compatible for Editor in 3.29 ms, found 4 plugins.
Preloading 0 native plugins for Editor in 0.00 ms.
Unloading 13 Unused Serialized files (Serialized files now loaded: 0)
Unloading 6829 unused Assets / (5.6 MB). Loaded Objects now: 7566.
Memory consumption went from 146.0 MB to 140.3 MB.
Total: 14.065600 ms (FindLiveObjects: 0.886500 ms CreateObjectMapping: 1.677600 ms MarkObjects: 7.969600 ms  DeleteObjects: 3.529400 ms)

Prepare: number of updated asset objects reloaded= 0
========================================================================
Received Prepare
Refreshing native plugins compatible for Editor in 3.68 ms, found 4 plugins.
Preloading 0 native plugins for Editor in 0.00 ms.
Unloading 13 Unused Serialized files (Serialized files now loaded: 0)
Unloading 6820 unused Assets / (5.0 MB). Loaded Objects now: 7567.
Memory consumption went from 146.1 MB to 141.1 MB.
Total: 12.474500 ms (FindLiveObjects: 0.871000 ms CreateObjectMapping: 0.913200 ms MarkObjects: 6.836500 ms  DeleteObjects: 3.851600 ms)

Prepare: number of updated asset objects reloaded= 0
========================================================================
Received Prepare
Begin MonoManager ReloadAssembly
[Licensing::Client] Successfully resolved entitlement details
- Loaded All Assemblies, in  1.525 seconds
Refreshing native plugins compatible for Editor in 3.28 ms, found 4 plugins.
Native extension for WindowsStandalone target not found
[Package Manager] Failed to launch server process. Reason: Unity was launched with the -noUpm command-line argument
[Package Manager] Unable to send message (not connected to server process).
[Package Manager] Cannot connect to Unity Package Manager local server
Mono: successfully reloaded assembly
- Finished resetting the current domain, in  1.005 seconds
Domain Reload Profiling: 2516ms
	BeginReloadAssembly (324ms)
		ExecutionOrderSort (0ms)
		DisableScriptedObjects (19ms)
		BackupInstance (0ms)
		ReleaseScriptingObjects (0ms)
		CreateAndSetChildDomain (69ms)
	RebuildCommonClasses (51ms)
	RebuildNativeTypeToScriptingClass (15ms)
	initialDomainReloadingComplete (48ms)
	LoadAllAssembliesAndSetupDomain (1073ms)
		LoadAssemblies (1010ms)
		RebuildTransferFunctionScriptingTraits (0ms)
		AnalyzeDomain (220ms)
			TypeCache.Refresh (10ms)
				TypeCache.ScanAssembly (1ms)
			BuildScriptInfoCaches (194ms)
			ResolveRequiredComponents (12ms)
	FinalizeReload (1005ms)
		ReleaseScriptCaches (0ms)
		RebuildScriptCaches (0ms)
		SetupLoadedEditorAssemblies (827ms)
			LogAssemblyErrors (0ms)
			InitializePlatformSupportModulesInManaged (2ms)
			SetLoadedEditorAssemblies (4ms)
			BeforeProcessingInitializeOnLoad (197ms)
			ProcessInitializeOnLoadAttributes (543ms)
			ProcessInitializeOnLoadMethodAttributes (66ms)
			AfterProcessingInitializeOnLoad (15ms)
			EditorAssembliesLoaded (0ms)
		ExecutionOrderSort2 (0ms)
		AwakeInstancesAfterBackupRestoration (17ms)
Refreshing native plugins compatible for Editor in 3.13 ms, found 4 plugins.
Preloading 0 native plugins for Editor in 0.00 ms.
Unloading 13 Unused Serialized files (Serialized files now loaded: 0)
Unloading 6830 unused Assets / (4.9 MB). Loaded Objects now: 7570.
Memory consumption went from 146.0 MB to 141.1 MB.
Total: 9.895500 ms (FindLiveObjects: 0.758200 ms CreateObjectMapping: 0.670200 ms MarkObjects: 5.874800 ms  DeleteObjects: 2.590600 ms)

Prepare: number of updated asset objects reloaded= 0
========================================================================
Received Prepare
Refreshing native plugins compatible for Editor in 3.52 ms, found 4 plugins.
Preloading 0 native plugins for Editor in 0.00 ms.
Unloading 13 Unused Serialized files (Serialized files now loaded: 0)
Unloading 6820 unused Assets / (5.1 MB). Loaded Objects now: 7570.
Memory consumption went from 146.2 MB to 141.1 MB.
Total: 11.366400 ms (FindLiveObjects: 0.908300 ms CreateObjectMapping: 0.957300 ms MarkObjects: 6.353400 ms  DeleteObjects: 3.145200 ms)

Prepare: number of updated asset objects reloaded= 0
========================================================================
Received Prepare
Refreshing native plugins compatible for Editor in 4.42 ms, found 4 plugins.
Preloading 0 native plugins for Editor in 0.00 ms.
Unloading 13 Unused Serialized files (Serialized files now loaded: 0)
Unloading 6820 unused Assets / (5.4 MB). Loaded Objects now: 7570.
Memory consumption went from 146.2 MB to 140.8 MB.
Total: 14.195000 ms (FindLiveObjects: 1.164300 ms CreateObjectMapping: 1.362900 ms MarkObjects: 7.057200 ms  DeleteObjects: 4.608700 ms)

Prepare: number of updated asset objects reloaded= 0
========================================================================
Received Prepare
Refreshing native plugins compatible for Editor in 3.96 ms, found 4 plugins.
Preloading 0 native plugins for Editor in 0.00 ms.
Unloading 13 Unused Serialized files (Serialized files now loaded: 0)
Unloading 6820 unused Assets / (4.8 MB). Loaded Objects now: 7570.
Memory consumption went from 146.2 MB to 141.4 MB.
Total: 12.958500 ms (FindLiveObjects: 1.713100 ms CreateObjectMapping: 1.152000 ms MarkObjects: 7.313300 ms  DeleteObjects: 2.778300 ms)

Prepare: number of updated asset objects reloaded= 0
========================================================================
Received Prepare
Begin MonoManager ReloadAssembly
[Licensing::Client] Successfully resolved entitlement details
- Loaded All Assemblies, in  1.135 seconds
Refreshing native plugins compatible for Editor in 2.78 ms, found 4 plugins.
Native extension for WindowsStandalone target not found
[Package Manager] Failed to launch server process. Reason: Unity was launched with the -noUpm command-line argument
[Package Manager] Unable to send message (not connected to server process).
[Package Manager] Cannot connect to Unity Package Manager local server
Mono: successfully reloaded assembly
- Finished resetting the current domain, in  1.012 seconds
Domain Reload Profiling: 2135ms
	BeginReloadAssembly (318ms)
		ExecutionOrderSort (0ms)
		DisableScriptedObjects (19ms)
		BackupInstance (0ms)
		ReleaseScriptingObjects (0ms)
		CreateAndSetChildDomain (65ms)
	RebuildCommonClasses (44ms)
	RebuildNativeTypeToScriptingClass (14ms)
	initialDomainReloadingComplete (47ms)
	LoadAllAssembliesAndSetupDomain (700ms)
		LoadAssemblies (632ms)
		RebuildTransferFunctionScriptingTraits (0ms)
		AnalyzeDomain (227ms)
			TypeCache.Refresh (10ms)
				TypeCache.ScanAssembly (1ms)
			BuildScriptInfoCaches (201ms)
			ResolveRequiredComponents (12ms)
	FinalizeReload (1013ms)
		ReleaseScriptCaches (0ms)
		RebuildScriptCaches (0ms)
		SetupLoadedEditorAssemblies (840ms)
			LogAssemblyErrors (0ms)
			InitializePlatformSupportModulesInManaged (2ms)
			SetLoadedEditorAssemblies (4ms)
			BeforeProcessingInitializeOnLoad (194ms)
			ProcessInitializeOnLoadAttributes (554ms)
			ProcessInitializeOnLoadMethodAttributes (71ms)
			AfterProcessingInitializeOnLoad (15ms)
			EditorAssembliesLoaded (0ms)
		ExecutionOrderSort2 (0ms)
		AwakeInstancesAfterBackupRestoration (17ms)
Refreshing native plugins compatible for Editor in 3.41 ms, found 4 plugins.
Preloading 0 native plugins for Editor in 0.00 ms.
Unloading 13 Unused Serialized files (Serialized files now loaded: 0)
Unloading 6830 unused Assets / (4.6 MB). Loaded Objects now: 7573.
Memory consumption went from 146.1 MB to 141.5 MB.
Total: 9.881600 ms (FindLiveObjects: 0.778700 ms CreateObjectMapping: 0.710500 ms MarkObjects: 5.893900 ms  DeleteObjects: 2.496900 ms)

Prepare: number of updated asset objects reloaded= 0
========================================================================
Received Prepare
Begin MonoManager ReloadAssembly
[Licensing::Client] Successfully resolved entitlement details
- Loaded All Assemblies, in  1.089 seconds
Refreshing native plugins compatible for Editor in 2.88 ms, found 4 plugins.
Native extension for WindowsStandalone target not found
[Package Manager] Failed to launch server process. Reason: Unity was launched with the -noUpm command-line argument
[Package Manager] Unable to send message (not connected to server process).
[Package Manager] Cannot connect to Unity Package Manager local server
Mono: successfully reloaded assembly
- Finished resetting the current domain, in  1.113 seconds
Domain Reload Profiling: 2190ms
	BeginReloadAssembly (299ms)
		ExecutionOrderSort (0ms)
		DisableScriptedObjects (17ms)
		BackupInstance (0ms)
		ReleaseScriptingObjects (0ms)
		CreateAndSetChildDomain (64ms)
	RebuildCommonClasses (40ms)
	RebuildNativeTypeToScriptingClass (13ms)
	initialDomainReloadingComplete (43ms)
	LoadAllAssembliesAndSetupDomain (681ms)
		LoadAssemblies (607ms)
		RebuildTransferFunctionScriptingTraits (0ms)
		AnalyzeDomain (219ms)
			TypeCache.Refresh (7ms)
				TypeCache.ScanAssembly (0ms)
			BuildScriptInfoCaches (196ms)
			ResolveRequiredComponents (12ms)
	FinalizeReload (1113ms)
		ReleaseScriptCaches (0ms)
		RebuildScriptCaches (0ms)
		SetupLoadedEditorAssemblies (916ms)
			LogAssemblyErrors (0ms)
			InitializePlatformSupportModulesInManaged (2ms)
			SetLoadedEditorAssemblies (4ms)
			BeforeProcessingInitializeOnLoad (213ms)
			ProcessInitializeOnLoadAttributes (601ms)
			ProcessInitializeOnLoadMethodAttributes (80ms)
			AfterProcessingInitializeOnLoad (16ms)
			EditorAssembliesLoaded (0ms)
		ExecutionOrderSort2 (0ms)
		AwakeInstancesAfterBackupRestoration (22ms)
Refreshing native plugins compatible for Editor in 3.06 ms, found 4 plugins.
Preloading 0 native plugins for Editor in 0.00 ms.
Unloading 13 Unused Serialized files (Serialized files now loaded: 0)
Unloading 6830 unused Assets / (5.0 MB). Loaded Objects now: 7576.
Memory consumption went from 146.1 MB to 141.1 MB.
Total: 12.138700 ms (FindLiveObjects: 1.419000 ms CreateObjectMapping: 1.167400 ms MarkObjects: 6.521500 ms  DeleteObjects: 3.029400 ms)

Prepare: number of updated asset objects reloaded= 0
========================================================================
Received Prepare
Begin MonoManager ReloadAssembly
- Loaded All Assemblies, in  1.094 seconds
Refreshing native plugins compatible for Editor in 3.03 ms, found 4 plugins.
Native extension for WindowsStandalone target not found
[Package Manager] Failed to launch server process. Reason: Unity was launched with the -noUpm command-line argument
[Package Manager] Unable to send message (not connected to server process).
[Package Manager] Cannot connect to Unity Package Manager local server
Mono: successfully reloaded assembly
- Finished resetting the current domain, in  1.076 seconds
Domain Reload Profiling: 2159ms
	BeginReloadAssembly (301ms)
		ExecutionOrderSort (0ms)
		DisableScriptedObjects (21ms)
		BackupInstance (0ms)
		ReleaseScriptingObjects (0ms)
		CreateAndSetChildDomain (59ms)
	RebuildCommonClasses (40ms)
	RebuildNativeTypeToScriptingClass (13ms)
	initialDomainReloadingComplete (45ms)
	LoadAllAssembliesAndSetupDomain (684ms)
		LoadAssemblies (600ms)
		RebuildTransferFunctionScriptingTraits (0ms)
		AnalyzeDomain (228ms)
			TypeCache.Refresh (8ms)
				TypeCache.ScanAssembly (0ms)
			BuildScriptInfoCaches (204ms)
			ResolveRequiredComponents (12ms)
	FinalizeReload (1076ms)
		ReleaseScriptCaches (0ms)
		RebuildScriptCaches (0ms)
		SetupLoadedEditorAssemblies (890ms)
			LogAssemblyErrors (0ms)
			InitializePlatformSupportModulesInManaged (2ms)
			SetLoadedEditorAssemblies (4ms)
			BeforeProcessingInitializeOnLoad (193ms)
			ProcessInitializeOnLoadAttributes (595ms)
			ProcessInitializeOnLoadMethodAttributes (76ms)
			AfterProcessingInitializeOnLoad (19ms)
			EditorAssembliesLoaded (0ms)
		ExecutionOrderSort2 (0ms)
		AwakeInstancesAfterBackupRestoration (18ms)
Refreshing native plugins compatible for Editor in 3.45 ms, found 4 plugins.
Preloading 0 native plugins for Editor in 0.00 ms.
Unloading 13 Unused Serialized files (Serialized files now loaded: 0)
Unloading 6830 unused Assets / (4.8 MB). Loaded Objects now: 7579.
Memory consumption went from 146.1 MB to 141.3 MB.
Total: 11.377300 ms (FindLiveObjects: 0.779700 ms CreateObjectMapping: 0.819100 ms MarkObjects: 6.699000 ms  DeleteObjects: 3.078200 ms)

Prepare: number of updated asset objects reloaded= 0
========================================================================
Received Prepare
Refreshing native plugins compatible for Editor in 3.60 ms, found 4 plugins.
Preloading 0 native plugins for Editor in 0.00 ms.
Unloading 13 Unused Serialized files (Serialized files now loaded: 0)
Unloading 6820 unused Assets / (4.8 MB). Loaded Objects now: 7579.
Memory consumption went from 146.3 MB to 141.5 MB.
Total: 10.403400 ms (FindLiveObjects: 0.817500 ms CreateObjectMapping: 0.786200 ms MarkObjects: 6.098600 ms  DeleteObjects: 2.699500 ms)

Prepare: number of updated asset objects reloaded= 0
========================================================================
Received Prepare
Refreshing native plugins compatible for Editor in 3.00 ms, found 4 plugins.
Preloading 0 native plugins for Editor in 0.00 ms.
Unloading 13 Unused Serialized files (Serialized files now loaded: 0)
Unloading 6820 unused Assets / (4.8 MB). Loaded Objects now: 7579.
Memory consumption went from 146.3 MB to 141.5 MB.
Total: 10.068200 ms (FindLiveObjects: 0.869200 ms CreateObjectMapping: 0.828700 ms MarkObjects: 5.680500 ms  DeleteObjects: 2.688000 ms)

Prepare: number of updated asset objects reloaded= 0
========================================================================
Received Prepare
Refreshing native plugins compatible for Editor in 3.26 ms, found 4 plugins.
Preloading 0 native plugins for Editor in 0.00 ms.
Unloading 13 Unused Serialized files (Serialized files now loaded: 0)
Unloading 6820 unused Assets / (5.0 MB). Loaded Objects now: 7579.
Memory consumption went from 146.3 MB to 141.3 MB.
Total: 12.047600 ms (FindLiveObjects: 1.193800 ms CreateObjectMapping: 1.354100 ms MarkObjects: 6.711100 ms  DeleteObjects: 2.786800 ms)

Prepare: number of updated asset objects reloaded= 0
========================================================================
Received Prepare
Refreshing native plugins compatible for Editor in 3.92 ms, found 4 plugins.
Preloading 0 native plugins for Editor in 0.00 ms.
Unloading 13 Unused Serialized files (Serialized files now loaded: 0)
Unloading 6820 unused Assets / (4.9 MB). Loaded Objects now: 7579.
Memory consumption went from 146.3 MB to 141.4 MB.
Total: 11.740400 ms (FindLiveObjects: 1.045500 ms CreateObjectMapping: 1.045400 ms MarkObjects: 6.935300 ms  DeleteObjects: 2.712700 ms)

Prepare: number of updated asset objects reloaded= 0
========================================================================
Received Prepare
Begin MonoManager ReloadAssembly
[Licensing::Client] Successfully resolved entitlement details
- Loaded All Assemblies, in  1.238 seconds
Refreshing native plugins compatible for Editor in 3.03 ms, found 4 plugins.
Native extension for WindowsStandalone target not found
[Package Manager] Failed to launch server process. Reason: Unity was launched with the -noUpm command-line argument
[Package Manager] Unable to send message (not connected to server process).
[Package Manager] Cannot connect to Unity Package Manager local server
Mono: successfully reloaded assembly
- Finished resetting the current domain, in  1.094 seconds
Domain Reload Profiling: 2324ms
	BeginReloadAssembly (320ms)
		ExecutionOrderSort (0ms)
		DisableScriptedObjects (21ms)
		BackupInstance (0ms)
		ReleaseScriptingObjects (0ms)
		CreateAndSetChildDomain (66ms)
	RebuildCommonClasses (42ms)
	RebuildNativeTypeToScriptingClass (14ms)
	initialDomainReloadingComplete (49ms)
	LoadAllAssembliesAndSetupDomain (804ms)
		LoadAssemblies (647ms)
		RebuildTransferFunctionScriptingTraits (0ms)
		AnalyzeDomain (311ms)
			TypeCache.Refresh (13ms)
				TypeCache.ScanAssembly (1ms)
			BuildScriptInfoCaches (279ms)
			ResolveRequiredComponents (15ms)
	FinalizeReload (1094ms)
		ReleaseScriptCaches (0ms)
		RebuildScriptCaches (0ms)
		SetupLoadedEditorAssemblies (911ms)
			LogAssemblyErrors (0ms)
			InitializePlatformSupportModulesInManaged (2ms)
			SetLoadedEditorAssemblies (4ms)
			BeforeProcessingInitializeOnLoad (251ms)
			ProcessInitializeOnLoadAttributes (566ms)
			ProcessInitializeOnLoadMethodAttributes (73ms)
			AfterProcessingInitializeOnLoad (15ms)
			EditorAssembliesLoaded (0ms)
		ExecutionOrderSort2 (0ms)
		AwakeInstancesAfterBackupRestoration (17ms)
Refreshing native plugins compatible for Editor in 3.49 ms, found 4 plugins.
Preloading 0 native plugins for Editor in 0.00 ms.
Unloading 13 Unused Serialized files (Serialized files now loaded: 0)
Unloading 6830 unused Assets / (4.6 MB). Loaded Objects now: 7582.
Memory consumption went from 146.2 MB to 141.6 MB.
Total: 10.301800 ms (FindLiveObjects: 0.763500 ms CreateObjectMapping: 0.602200 ms MarkObjects: 6.512900 ms  DeleteObjects: 2.421700 ms)

Prepare: number of updated asset objects reloaded= 0
========================================================================
Received Prepare
Begin MonoManager ReloadAssembly
- Loaded All Assemblies, in  1.076 seconds
Refreshing native plugins compatible for Editor in 3.10 ms, found 4 plugins.
Native extension for WindowsStandalone target not found
[Package Manager] Failed to launch server process. Reason: Unity was launched with the -noUpm command-line argument
[Package Manager] Unable to send message (not connected to server process).
[Package Manager] Cannot connect to Unity Package Manager local server
Mono: successfully reloaded assembly
- Finished resetting the current domain, in  0.973 seconds
Domain Reload Profiling: 2035ms
	BeginReloadAssembly (293ms)
		ExecutionOrderSort (0ms)
		DisableScriptedObjects (17ms)
		BackupInstance (0ms)
		ReleaseScriptingObjects (0ms)
		CreateAndSetChildDomain (59ms)
	RebuildCommonClasses (40ms)
	RebuildNativeTypeToScriptingClass (13ms)
	initialDomainReloadingComplete (45ms)
	LoadAllAssembliesAndSetupDomain (671ms)
		LoadAssemblies (601ms)
		RebuildTransferFunctionScriptingTraits (0ms)
		AnalyzeDomain (216ms)
			TypeCache.Refresh (7ms)
				TypeCache.ScanAssembly (0ms)
			BuildScriptInfoCaches (193ms)
			ResolveRequiredComponents (12ms)
	FinalizeReload (974ms)
		ReleaseScriptCaches (0ms)
		RebuildScriptCaches (0ms)
		SetupLoadedEditorAssemblies (801ms)
			LogAssemblyErrors (0ms)
			InitializePlatformSupportModulesInManaged (2ms)
			SetLoadedEditorAssemblies (4ms)
			BeforeProcessingInitializeOnLoad (190ms)
			ProcessInitializeOnLoadAttributes (525ms)
			ProcessInitializeOnLoadMethodAttributes (66ms)
			AfterProcessingInitializeOnLoad (14ms)
			EditorAssembliesLoaded (0ms)
		ExecutionOrderSort2 (0ms)
		AwakeInstancesAfterBackupRestoration (16ms)
Refreshing native plugins compatible for Editor in 3.18 ms, found 4 plugins.
Preloading 0 native plugins for Editor in 0.00 ms.
Unloading 13 Unused Serialized files (Serialized files now loaded: 0)
Unloading 6830 unused Assets / (4.6 MB). Loaded Objects now: 7585.
Memory consumption went from 146.2 MB to 141.6 MB.
Total: 9.635100 ms (FindLiveObjects: 0.806300 ms CreateObjectMapping: 0.572700 ms MarkObjects: 5.903200 ms  DeleteObjects: 2.351500 ms)

Prepare: number of updated asset objects reloaded= 0
========================================================================
Received Import Request.
  Time since last request: 1875.466506 seconds.
  path: Assets/Real Assets/FireBallRed.prefab
  artifactKey: Guid(55786d8010436ab4aa0ca8c5158a36b8) Importer(815301076,1909f56bfc062723c751e8b465ee728b)
Start importing Assets/Real Assets/FireBallRed.prefab using Guid(55786d8010436ab4aa0ca8c5158a36b8) Importer(815301076,1909f56bfc062723c751e8b465ee728b) (PreviewImporter) -> (artifact id: '69107ba19c458351ed056df9494d660d') in 0.8769013 seconds
Number of updated asset objects reloaded before import = 0Number of asset objects unloaded after import = 35

========================================================================
Received Import Request.
  Time since last request: 13.245309 seconds.
  path: Assets/Real Assets/Game_Sprites/John Tekken/Fireball1.png
  artifactKey: Guid(f3e5c2aef643c26498fcfd3ab0aa0868) Importer(815301076,1909f56bfc062723c751e8b465ee728b)
Start importing Assets/Real Assets/Game_Sprites/John Tekken/Fireball1.png using Guid(f3e5c2aef643c26498fcfd3ab0aa0868) Importer(815301076,1909f56bfc062723c751e8b465ee728b) (PreviewImporter) -> (artifact id: 'ce0a577cbb8930100a633d8b0d901fb3') in 0.0628086 seconds
Number of updated asset objects reloaded before import = 0Number of asset objects unloaded after import = 3

========================================================================
Received Import Request.
  Time since last request: 0.000022 seconds.
  path: Assets/Real Assets/Game_Sprites/John Tekken/Idle_0.asset
  artifactKey: Guid(85cb427ea7cdf7944aaba0ea75fbf4b1) Importer(815301076,1909f56bfc062723c751e8b465ee728b)
Start importing Assets/Real Assets/Game_Sprites/John Tekken/Idle_0.asset using Guid(85cb427ea7cdf7944aaba0ea75fbf4b1) Importer(815301076,1909f56bfc062723c751e8b465ee728b) (PreviewImporter) -> (artifact id: 'd1b2967cce50cc4a225960c3edc5e589') in 0.1530748 seconds
Number of updated asset objects reloaded before import = 0Number of asset objects unloaded after import = 3

========================================================================
Received Import Request.
  Time since last request: 0.000027 seconds.
  path: Assets/Real Assets/Game_Sprites/John Tekken/Idle.png
  artifactKey: Guid(8c2f5d6a31a05064ab5a4bced23c89d9) Importer(815301076,1909f56bfc062723c751e8b465ee728b)
Start importing Assets/Real Assets/Game_Sprites/John Tekken/Idle.png using Guid(8c2f5d6a31a05064ab5a4bced23c89d9) Importer(815301076,1909f56bfc062723c751e8b465ee728b) (PreviewImporter) -> (artifact id: '9ecc8fda95108915e859def13da8b6fb') in 0.023898 seconds
Number of updated asset objects reloaded before import = 0Number of asset objects unloaded after import = 3

========================================================================
Received Import Request.
  Time since last request: 0.000044 seconds.
  path: Assets/Real Assets/Game_Sprites/John Tekken/Jump2.png
  artifactKey: Guid(5025a87a8c2d90a43867635b96fbb13f) Importer(815301076,1909f56bfc062723c751e8b465ee728b)
Start importing Assets/Real Assets/Game_Sprites/John Tekken/Jump2.png using Guid(5025a87a8c2d90a43867635b96fbb13f) Importer(815301076,1909f56bfc062723c751e8b465ee728b) (PreviewImporter) -> (artifact id: '07d01fd60798e85f9c13a4bd9e9bd632') in 0.0653022 seconds
Number of updated asset objects reloaded before import = 0Number of asset objects unloaded after import = 3

========================================================================
Received Import Request.
  Time since last request: 0.000026 seconds.
  path: Assets/Real Assets/Game_Sprites/John Tekken/Punch2.png
  artifactKey: Guid(3259df1b1776bd944934f0614118fae2) Importer(815301076,1909f56bfc062723c751e8b465ee728b)
Start importing Assets/Real Assets/Game_Sprites/John Tekken/Punch2.png using Guid(3259df1b1776bd944934f0614118fae2) Importer(815301076,1909f56bfc062723c751e8b465ee728b) (PreviewImporter) -> (artifact id: '8546a292e32bed8ca35a42b80e3a21e0') in 0.0542405 seconds
Number of updated asset objects reloaded before import = 0Number of asset objects unloaded after import = 3

========================================================================
Received Import Request.
  Time since last request: 0.000025 seconds.
  path: Assets/Real Assets/Game_Sprites/John Tekken/Walk1.png
  artifactKey: Guid(e53c9316b1b192c439f4e7de2669f209) Importer(815301076,1909f56bfc062723c751e8b465ee728b)
Start importing Assets/Real Assets/Game_Sprites/John Tekken/Walk1.png using Guid(e53c9316b1b192c439f4e7de2669f209) Importer(815301076,1909f56bfc062723c751e8b465ee728b) (PreviewImporter) -> (artifact id: 'e43d80ba272485ff9622e1da46335bf5') in 0.0587818 seconds
Number of updated asset objects reloaded before import = 0Number of asset objects unloaded after import = 3

========================================================================
Received Import Request.
  Time since last request: 0.000037 seconds.
  path: Assets/Real Assets/Game_Sprites/John Tekken/Punch1.png
  artifactKey: Guid(bb82b117fd0eb3d468d1506e63225b36) Importer(815301076,1909f56bfc062723c751e8b465ee728b)
Start importing Assets/Real Assets/Game_Sprites/John Tekken/Punch1.png using Guid(bb82b117fd0eb3d468d1506e63225b36) Importer(815301076,1909f56bfc062723c751e8b465ee728b) (PreviewImporter) -> (artifact id: '8a1a0b1c64f98ebf2340a2c0cf94415b') in 0.0478985 seconds
Number of updated asset objects reloaded before import = 0Number of asset objects unloaded after import = 3

========================================================================
Received Import Request.
  Time since last request: 8.661134 seconds.
  path: Assets/Real Assets/Game_Sprites/Cards/PunchCard.png
  artifactKey: Guid(2d05d895ef56e004bb19d8aa86e5c67d) Importer(815301076,1909f56bfc062723c751e8b465ee728b)
Start importing Assets/Real Assets/Game_Sprites/Cards/PunchCard.png using Guid(2d05d895ef56e004bb19d8aa86e5c67d) Importer(815301076,1909f56bfc062723c751e8b465ee728b) (PreviewImporter) -> (artifact id: 'd4909c7462381b472c6e00871fb282a8') in 0.06615 seconds
Number of updated asset objects reloaded before import = 0Number of asset objects unloaded after import = 3

========================================================================
Received Prepare
Begin MonoManager ReloadAssembly
[Licensing::Client] Successfully resolved entitlement details
- Loaded All Assemblies, in  1.121 seconds
Refreshing native plugins compatible for Editor in 2.79 ms, found 4 plugins.
Native extension for WindowsStandalone target not found
[Package Manager] Failed to launch server process. Reason: Unity was launched with the -noUpm command-line argument
[Package Manager] Unable to send message (not connected to server process).
[Package Manager] Cannot connect to Unity Package Manager local server
Mono: successfully reloaded assembly
- Finished resetting the current domain, in  1.135 seconds
Domain Reload Profiling: 2246ms
	BeginReloadAssembly (332ms)
		ExecutionOrderSort (0ms)
		DisableScriptedObjects (34ms)
		BackupInstance (0ms)
		ReleaseScriptingObjects (0ms)
		CreateAndSetChildDomain (77ms)
	RebuildCommonClasses (41ms)
	RebuildNativeTypeToScriptingClass (13ms)
	initialDomainReloadingComplete (44ms)
	LoadAllAssembliesAndSetupDomain (680ms)
		LoadAssemblies (598ms)
		RebuildTransferFunctionScriptingTraits (0ms)
		AnalyzeDomain (229ms)
			TypeCache.Refresh (6ms)
				TypeCache.ScanAssembly (0ms)
			BuildScriptInfoCaches (206ms)
			ResolveRequiredComponents (12ms)
	FinalizeReload (1136ms)
		ReleaseScriptCaches (0ms)
		RebuildScriptCaches (0ms)
		SetupLoadedEditorAssemblies (944ms)
			LogAssemblyErrors (0ms)
			InitializePlatformSupportModulesInManaged (2ms)
			SetLoadedEditorAssemblies (4ms)
			BeforeProcessingInitializeOnLoad (204ms)
			ProcessInitializeOnLoadAttributes (635ms)
			ProcessInitializeOnLoadMethodAttributes (83ms)
			AfterProcessingInitializeOnLoad (16ms)
			EditorAssembliesLoaded (0ms)
		ExecutionOrderSort2 (0ms)
		AwakeInstancesAfterBackupRestoration (19ms)
Refreshing native plugins compatible for Editor in 4.80 ms, found 4 plugins.
Preloading 0 native plugins for Editor in 0.00 ms.
Unloading 13 Unused Serialized files (Serialized files now loaded: 0)
Unloading 6830 unused Assets / (5.0 MB). Loaded Objects now: 7634.
Memory consumption went from 152.3 MB to 147.3 MB.
Total: 12.304300 ms (FindLiveObjects: 0.951800 ms CreateObjectMapping: 1.491000 ms MarkObjects: 6.505200 ms  DeleteObjects: 3.354800 ms)

Prepare: number of updated asset objects reloaded= 0
========================================================================
Received Prepare
Begin MonoManager ReloadAssembly
[Licensing::Client] Successfully resolved entitlement details
- Loaded All Assemblies, in  1.085 seconds
Refreshing native plugins compatible for Editor in 3.60 ms, found 4 plugins.
Native extension for WindowsStandalone target not found
[Package Manager] Failed to launch server process. Reason: Unity was launched with the -noUpm command-line argument
[Package Manager] Unable to send message (not connected to server process).
[Package Manager] Cannot connect to Unity Package Manager local server
Mono: successfully reloaded assembly
- Finished resetting the current domain, in  1.072 seconds
Domain Reload Profiling: 2145ms
	BeginReloadAssembly (297ms)
		ExecutionOrderSort (0ms)
		DisableScriptedObjects (18ms)
		BackupInstance (0ms)
		ReleaseScriptingObjects (0ms)
		CreateAndSetChildDomain (64ms)
	RebuildCommonClasses (39ms)
	RebuildNativeTypeToScriptingClass (13ms)
	initialDomainReloadingComplete (45ms)
	LoadAllAssembliesAndSetupDomain (678ms)
		LoadAssemblies (596ms)
		RebuildTransferFunctionScriptingTraits (0ms)
		AnalyzeDomain (224ms)
			TypeCache.Refresh (7ms)
				TypeCache.ScanAssembly (0ms)
			BuildScriptInfoCaches (200ms)
			ResolveRequiredComponents (12ms)
	FinalizeReload (1073ms)
		ReleaseScriptCaches (0ms)
		RebuildScriptCaches (0ms)
		SetupLoadedEditorAssemblies (884ms)
			LogAssemblyErrors (0ms)
			InitializePlatformSupportModulesInManaged (2ms)
			SetLoadedEditorAssemblies (4ms)
			BeforeProcessingInitializeOnLoad (192ms)
			ProcessInitializeOnLoadAttributes (598ms)
			ProcessInitializeOnLoadMethodAttributes (72ms)
			AfterProcessingInitializeOnLoad (16ms)
			EditorAssembliesLoaded (0ms)
		ExecutionOrderSort2 (0ms)
		AwakeInstancesAfterBackupRestoration (18ms)
Refreshing native plugins compatible for Editor in 4.70 ms, found 4 plugins.
Preloading 0 native plugins for Editor in 0.00 ms.
Unloading 13 Unused Serialized files (Serialized files now loaded: 0)
Unloading 6830 unused Assets / (4.8 MB). Loaded Objects now: 7637.
Memory consumption went from 152.2 MB to 147.4 MB.
Total: 14.029100 ms (FindLiveObjects: 0.817900 ms CreateObjectMapping: 1.014900 ms MarkObjects: 9.451800 ms  DeleteObjects: 2.731300 ms)

Prepare: number of updated asset objects reloaded= 0
========================================================================
Received Prepare
Begin MonoManager ReloadAssembly
[Licensing::Client] Successfully resolved entitlement details
- Loaded All Assemblies, in  1.076 seconds
Refreshing native plugins compatible for Editor in 2.94 ms, found 4 plugins.
Native extension for WindowsStandalone target not found
[Package Manager] Failed to launch server process. Reason: Unity was launched with the -noUpm command-line argument
[Package Manager] Unable to send message (not connected to server process).
[Package Manager] Cannot connect to Unity Package Manager local server
Mono: successfully reloaded assembly
- Finished resetting the current domain, in  1.073 seconds
Domain Reload Profiling: 2141ms
	BeginReloadAssembly (293ms)
		ExecutionOrderSort (0ms)
		DisableScriptedObjects (19ms)
		BackupInstance (0ms)
		ReleaseScriptingObjects (0ms)
		CreateAndSetChildDomain (64ms)
	RebuildCommonClasses (47ms)
	RebuildNativeTypeToScriptingClass (13ms)
	initialDomainReloadingComplete (44ms)
	LoadAllAssembliesAndSetupDomain (670ms)
		LoadAssemblies (587ms)
		RebuildTransferFunctionScriptingTraits (0ms)
		AnalyzeDomain (222ms)
			TypeCache.Refresh (6ms)
				TypeCache.ScanAssembly (0ms)
			BuildScriptInfoCaches (199ms)
			ResolveRequiredComponents (12ms)
	FinalizeReload (1074ms)
		ReleaseScriptCaches (0ms)
		RebuildScriptCaches (0ms)
		SetupLoadedEditorAssemblies (883ms)
			LogAssemblyErrors (0ms)
			InitializePlatformSupportModulesInManaged (2ms)
			SetLoadedEditorAssemblies (4ms)
			BeforeProcessingInitializeOnLoad (188ms)
			ProcessInitializeOnLoadAttributes (591ms)
			ProcessInitializeOnLoadMethodAttributes (78ms)
			AfterProcessingInitializeOnLoad (19ms)
			EditorAssembliesLoaded (0ms)
		ExecutionOrderSort2 (0ms)
		AwakeInstancesAfterBackupRestoration (19ms)
Refreshing native plugins compatible for Editor in 3.27 ms, found 4 plugins.
Preloading 0 native plugins for Editor in 0.00 ms.
Unloading 13 Unused Serialized files (Serialized files now loaded: 0)
Unloading 6830 unused Assets / (5.2 MB). Loaded Objects now: 7640.
Memory consumption went from 152.2 MB to 147.1 MB.
Total: 11.694400 ms (FindLiveObjects: 0.822400 ms CreateObjectMapping: 1.088700 ms MarkObjects: 6.524800 ms  DeleteObjects: 3.256900 ms)

Prepare: number of updated asset objects reloaded= 0
========================================================================
Received Prepare
Refreshing native plugins compatible for Editor in 3.19 ms, found 4 plugins.
Preloading 0 native plugins for Editor in 0.00 ms.
Unloading 13 Unused Serialized files (Serialized files now loaded: 0)
Unloading 6820 unused Assets / (4.5 MB). Loaded Objects now: 7640.
Memory consumption went from 152.4 MB to 147.9 MB.
Total: 13.375400 ms (FindLiveObjects: 0.915900 ms CreateObjectMapping: 1.185800 ms MarkObjects: 7.587100 ms  DeleteObjects: 3.685000 ms)

Prepare: number of updated asset objects reloaded= 0
========================================================================
Received Prepare
Begin MonoManager ReloadAssembly
[Licensing::Client] Successfully resolved entitlement details
- Loaded All Assemblies, in  1.116 seconds
Refreshing native plugins compatible for Editor in 4.09 ms, found 4 plugins.
Native extension for WindowsStandalone target not found
[Package Manager] Failed to launch server process. Reason: Unity was launched with the -noUpm command-line argument
[Package Manager] Unable to send message (not connected to server process).
[Package Manager] Cannot connect to Unity Package Manager local server
Mono: successfully reloaded assembly
- Finished resetting the current domain, in  1.337 seconds
Domain Reload Profiling: 2440ms
	BeginReloadAssembly (308ms)
		ExecutionOrderSort (0ms)
		DisableScriptedObjects (18ms)
		BackupInstance (0ms)
		ReleaseScriptingObjects (0ms)
		CreateAndSetChildDomain (65ms)
	RebuildCommonClasses (46ms)
	RebuildNativeTypeToScriptingClass (14ms)
	initialDomainReloadingComplete (45ms)
	LoadAllAssembliesAndSetupDomain (689ms)
		LoadAssemblies (608ms)
		RebuildTransferFunctionScriptingTraits (0ms)
		AnalyzeDomain (232ms)
			TypeCache.Refresh (11ms)
				TypeCache.ScanAssembly (1ms)
			BuildScriptInfoCaches (204ms)
			ResolveRequiredComponents (12ms)
	FinalizeReload (1337ms)
		ReleaseScriptCaches (0ms)
		RebuildScriptCaches (0ms)
		SetupLoadedEditorAssemblies (1051ms)
			LogAssemblyErrors (0ms)
			InitializePlatformSupportModulesInManaged (3ms)
			SetLoadedEditorAssemblies (4ms)
			BeforeProcessingInitializeOnLoad (218ms)
			ProcessInitializeOnLoadAttributes (651ms)
			ProcessInitializeOnLoadMethodAttributes (139ms)
			AfterProcessingInitializeOnLoad (35ms)
			EditorAssembliesLoaded (1ms)
		ExecutionOrderSort2 (0ms)
		AwakeInstancesAfterBackupRestoration (36ms)
Refreshing native plugins compatible for Editor in 3.01 ms, found 4 plugins.
Preloading 0 native plugins for Editor in 0.00 ms.
Unloading 13 Unused Serialized files (Serialized files now loaded: 0)
Unloading 6830 unused Assets / (4.6 MB). Loaded Objects now: 7643.
Memory consumption went from 152.3 MB to 147.7 MB.
Total: 10.923000 ms (FindLiveObjects: 0.888000 ms CreateObjectMapping: 1.135400 ms MarkObjects: 6.237400 ms  DeleteObjects: 2.660700 ms)

Prepare: number of updated asset objects reloaded= 0
========================================================================
Received Prepare
Refreshing native plugins compatible for Editor in 3.41 ms, found 4 plugins.
Preloading 0 native plugins for Editor in 0.00 ms.
Unloading 13 Unused Serialized files (Serialized files now loaded: 0)
Unloading 6820 unused Assets / (4.8 MB). Loaded Objects now: 7643.
Memory consumption went from 152.4 MB to 147.6 MB.
Total: 13.509900 ms (FindLiveObjects: 1.034800 ms CreateObjectMapping: 1.311700 ms MarkObjects: 7.585800 ms  DeleteObjects: 3.575800 ms)

Prepare: number of updated asset objects reloaded= 0
========================================================================
Received Prepare
Begin MonoManager ReloadAssembly
- Loaded All Assemblies, in  1.156 seconds
Refreshing native plugins compatible for Editor in 4.58 ms, found 4 plugins.
Native extension for WindowsStandalone target not found
[Package Manager] Failed to launch server process. Reason: Unity was launched with the -noUpm command-line argument
[Package Manager] Unable to send message (not connected to server process).
[Package Manager] Cannot connect to Unity Package Manager local server
Mono: successfully reloaded assembly
- Finished resetting the current domain, in  1.168 seconds
Domain Reload Profiling: 2312ms
	BeginReloadAssembly (304ms)
		ExecutionOrderSort (0ms)
		DisableScriptedObjects (18ms)
		BackupInstance (0ms)
		ReleaseScriptingObjects (0ms)
		CreateAndSetChildDomain (65ms)
	RebuildCommonClasses (42ms)
	RebuildNativeTypeToScriptingClass (13ms)
	initialDomainReloadingComplete (47ms)
	LoadAllAssembliesAndSetupDomain (737ms)
		LoadAssemblies (622ms)
		RebuildTransferFunctionScriptingTraits (0ms)
		AnalyzeDomain (262ms)
			TypeCache.Refresh (11ms)
				TypeCache.ScanAssembly (1ms)
			BuildScriptInfoCaches (234ms)
			ResolveRequiredComponents (13ms)
	FinalizeReload (1169ms)
		ReleaseScriptCaches (0ms)
		RebuildScriptCaches (0ms)
		SetupLoadedEditorAssemblies (952ms)
			LogAssemblyErrors (0ms)
			InitializePlatformSupportModulesInManaged (2ms)
			SetLoadedEditorAssemblies (5ms)
			BeforeProcessingInitializeOnLoad (214ms)
			ProcessInitializeOnLoadAttributes (635ms)
			ProcessInitializeOnLoadMethodAttributes (80ms)
			AfterProcessingInitializeOnLoad (16ms)
			EditorAssembliesLoaded (1ms)
		ExecutionOrderSort2 (0ms)
		AwakeInstancesAfterBackupRestoration (18ms)
Refreshing native plugins compatible for Editor in 2.91 ms, found 4 plugins.
Preloading 0 native plugins for Editor in 0.00 ms.
Unloading 13 Unused Serialized files (Serialized files now loaded: 0)
Unloading 6830 unused Assets / (4.8 MB). Loaded Objects now: 7646.
Memory consumption went from 152.3 MB to 147.5 MB.
Total: 10.705400 ms (FindLiveObjects: 0.986900 ms CreateObjectMapping: 1.022400 ms MarkObjects: 6.089200 ms  DeleteObjects: 2.605400 ms)

Prepare: number of updated asset objects reloaded= 0
========================================================================
Received Prepare
Begin MonoManager ReloadAssembly
- Loaded All Assemblies, in  1.092 seconds
Refreshing native plugins compatible for Editor in 2.77 ms, found 4 plugins.
Native extension for WindowsStandalone target not found
[Package Manager] Failed to launch server process. Reason: Unity was launched with the -noUpm command-line argument
[Package Manager] Unable to send message (not connected to server process).
[Package Manager] Cannot connect to Unity Package Manager local server
Mono: successfully reloaded assembly
- Finished resetting the current domain, in  1.121 seconds
Domain Reload Profiling: 2201ms
	BeginReloadAssembly (293ms)
		ExecutionOrderSort (0ms)
		DisableScriptedObjects (17ms)
		BackupInstance (0ms)
		ReleaseScriptingObjects (0ms)
		CreateAndSetChildDomain (60ms)
	RebuildCommonClasses (41ms)
	RebuildNativeTypeToScriptingClass (13ms)
	initialDomainReloadingComplete (44ms)
	LoadAllAssembliesAndSetupDomain (689ms)
		LoadAssemblies (604ms)
		RebuildTransferFunctionScriptingTraits (0ms)
		AnalyzeDomain (230ms)
			TypeCache.Refresh (7ms)
				TypeCache.ScanAssembly (0ms)
			BuildScriptInfoCaches (207ms)
			ResolveRequiredComponents (12ms)
	FinalizeReload (1121ms)
		ReleaseScriptCaches (0ms)
		RebuildScriptCaches (0ms)
		SetupLoadedEditorAssemblies (925ms)
			LogAssemblyErrors (0ms)
			InitializePlatformSupportModulesInManaged (2ms)
			SetLoadedEditorAssemblies (4ms)
			BeforeProcessingInitializeOnLoad (213ms)
			ProcessInitializeOnLoadAttributes (615ms)
			ProcessInitializeOnLoadMethodAttributes (76ms)
			AfterProcessingInitializeOnLoad (15ms)
			EditorAssembliesLoaded (0ms)
		ExecutionOrderSort2 (0ms)
		AwakeInstancesAfterBackupRestoration (19ms)
Refreshing native plugins compatible for Editor in 3.00 ms, found 4 plugins.
Preloading 0 native plugins for Editor in 0.00 ms.
Unloading 13 Unused Serialized files (Serialized files now loaded: 0)
Unloading 6830 unused Assets / (4.6 MB). Loaded Objects now: 7649.
Memory consumption went from 152.4 MB to 147.7 MB.
Total: 11.562400 ms (FindLiveObjects: 0.905500 ms CreateObjectMapping: 1.239400 ms MarkObjects: 6.716800 ms  DeleteObjects: 2.699600 ms)

Prepare: number of updated asset objects reloaded= 0
========================================================================
Received Prepare
Refreshing native plugins compatible for Editor in 3.68 ms, found 4 plugins.
Preloading 0 native plugins for Editor in 0.00 ms.
Unloading 13 Unused Serialized files (Serialized files now loaded: 0)
Unloading 6820 unused Assets / (4.6 MB). Loaded Objects now: 7649.
Memory consumption went from 152.5 MB to 147.9 MB.
Total: 13.867200 ms (FindLiveObjects: 0.813600 ms CreateObjectMapping: 1.322800 ms MarkObjects: 8.320800 ms  DeleteObjects: 3.408000 ms)

Prepare: number of updated asset objects reloaded= 0
========================================================================
Received Prepare
Begin MonoManager ReloadAssembly
[Licensing::Client] Successfully resolved entitlement details
- Loaded All Assemblies, in  1.105 seconds
Refreshing native plugins compatible for Editor in 2.80 ms, found 4 plugins.
Native extension for WindowsStandalone target not found
[Package Manager] Failed to launch server process. Reason: Unity was launched with the -noUpm command-line argument
[Package Manager] Unable to send message (not connected to server process).
[Package Manager] Cannot connect to Unity Package Manager local server
Mono: successfully reloaded assembly
- Finished resetting the current domain, in  0.992 seconds
Domain Reload Profiling: 2085ms
	BeginReloadAssembly (299ms)
		ExecutionOrderSort (0ms)
		DisableScriptedObjects (24ms)
		BackupInstance (0ms)
		ReleaseScriptingObjects (0ms)
		CreateAndSetChildDomain (65ms)
	RebuildCommonClasses (41ms)
	RebuildNativeTypeToScriptingClass (13ms)
	initialDomainReloadingComplete (45ms)
	LoadAllAssembliesAndSetupDomain (695ms)
		LoadAssemblies (592ms)
		RebuildTransferFunctionScriptingTraits (0ms)
		AnalyzeDomain (241ms)
			TypeCache.Refresh (11ms)
				TypeCache.ScanAssembly (1ms)
			BuildScriptInfoCaches (214ms)
			ResolveRequiredComponents (12ms)
	FinalizeReload (992ms)
		ReleaseScriptCaches (0ms)
		RebuildScriptCaches (0ms)
		SetupLoadedEditorAssemblies (814ms)
			LogAssemblyErrors (0ms)
			InitializePlatformSupportModulesInManaged (2ms)
			SetLoadedEditorAssemblies (4ms)
			BeforeProcessingInitializeOnLoad (187ms)
			ProcessInitializeOnLoadAttributes (534ms)
			ProcessInitializeOnLoadMethodAttributes (72ms)
			AfterProcessingInitializeOnLoad (15ms)
			EditorAssembliesLoaded (0ms)
		ExecutionOrderSort2 (0ms)
		AwakeInstancesAfterBackupRestoration (18ms)
Refreshing native plugins compatible for Editor in 3.14 ms, found 4 plugins.
Preloading 0 native plugins for Editor in 0.00 ms.
Unloading 13 Unused Serialized files (Serialized files now loaded: 0)
Unloading 6830 unused Assets / (4.4 MB). Loaded Objects now: 7652.
Memory consumption went from 152.4 MB to 148.0 MB.
Total: 9.521500 ms (FindLiveObjects: 0.805800 ms CreateObjectMapping: 1.011000 ms MarkObjects: 5.405200 ms  DeleteObjects: 2.298300 ms)

Prepare: number of updated asset objects reloaded= 0
========================================================================
Received Import Request.
  Time since last request: 762.546665 seconds.
  path: Assets/VoiceCommand/VoiceCommanV2.cs
  artifactKey: Guid(8b8495664bdeb1c4c9a2be12eb0ebde9) Importer(2089858483,192608db42251d675da83286b1cce702)
Start importing Assets/VoiceCommand/VoiceCommanV2.cs using Guid(8b8495664bdeb1c4c9a2be12eb0ebde9) Importer(2089858483,192608db42251d675da83286b1cce702) (ScriptedImporter) -> (artifact id: '7868b7d8ca1168a5d162d314cba18da5') in 0.2704941 seconds
Number of updated asset objects reloaded before import = 0Number of asset objects unloaded after import = 0

========================================================================
Received Import Request.
  Time since last request: 0.000024 seconds.
  path: Assets/Player 2.prefab
  artifactKey: Guid(9e9765e6a8c22f241aa5f8f5a640fc0e) Importer(2089858483,192608db42251d675da83286b1cce702)
Start importing Assets/Player 2.prefab using Guid(9e9765e6a8c22f241aa5f8f5a640fc0e) Importer(2089858483,192608db42251d675da83286b1cce702) (ScriptedImporter) -> (artifact id: 'd0e819d19e0b229af0c4889a5835fd60') in 0.1152279 seconds
Number of updated asset objects reloaded before import = 0Number of asset objects unloaded after import = 47

========================================================================
Received Prepare
Begin MonoManager ReloadAssembly
- Loaded All Assemblies, in  1.136 seconds
Refreshing native plugins compatible for Editor in 3.21 ms, found 4 plugins.
Native extension for WindowsStandalone target not found
[Package Manager] Failed to launch server process. Reason: Unity was launched with the -noUpm command-line argument
[Package Manager] Unable to send message (not connected to server process).
[Package Manager] Cannot connect to Unity Package Manager local server
Mono: successfully reloaded assembly
- Finished resetting the current domain, in  1.066 seconds
Domain Reload Profiling: 2192ms
	BeginReloadAssembly (329ms)
		ExecutionOrderSort (0ms)
		DisableScriptedObjects (16ms)
		BackupInstance (0ms)
		ReleaseScriptingObjects (0ms)
		CreateAndSetChildDomain (88ms)
	RebuildCommonClasses (41ms)
	RebuildNativeTypeToScriptingClass (13ms)
	initialDomainReloadingComplete (45ms)
	LoadAllAssembliesAndSetupDomain (696ms)
		LoadAssemblies (605ms)
		RebuildTransferFunctionScriptingTraits (0ms)
		AnalyzeDomain (239ms)
			TypeCache.Refresh (7ms)
				TypeCache.ScanAssembly (0ms)
			BuildScriptInfoCaches (211ms)
			ResolveRequiredComponents (15ms)
	FinalizeReload (1067ms)
		ReleaseScriptCaches (0ms)
		RebuildScriptCaches (0ms)
		SetupLoadedEditorAssemblies (881ms)
			LogAssemblyErrors (0ms)
			InitializePlatformSupportModulesInManaged (2ms)
			SetLoadedEditorAssemblies (6ms)
			BeforeProcessingInitializeOnLoad (195ms)
			ProcessInitializeOnLoadAttributes (588ms)
			ProcessInitializeOnLoadMethodAttributes (75ms)
			AfterProcessingInitializeOnLoad (14ms)
			EditorAssembliesLoaded (0ms)
		ExecutionOrderSort2 (0ms)
		AwakeInstancesAfterBackupRestoration (18ms)
Refreshing native plugins compatible for Editor in 4.33 ms, found 4 plugins.
Preloading 0 native plugins for Editor in 0.00 ms.
Unloading 13 Unused Serialized files (Serialized files now loaded: 0)
Unloading 6830 unused Assets / (4.3 MB). Loaded Objects now: 7655.
Memory consumption went from 152.5 MB to 148.2 MB.
Total: 10.704800 ms (FindLiveObjects: 0.869000 ms CreateObjectMapping: 1.067500 ms MarkObjects: 6.145200 ms  DeleteObjects: 2.621900 ms)

Prepare: number of updated asset objects reloaded= 0
========================================================================
Received Prepare
Refreshing native plugins compatible for Editor in 5.37 ms, found 4 plugins.
Preloading 0 native plugins for Editor in 0.00 ms.
Unloading 13 Unused Serialized files (Serialized files now loaded: 0)
Unloading 6820 unused Assets / (4.6 MB). Loaded Objects now: 7655.
Memory consumption went from 152.6 MB to 148.0 MB.
Total: 12.780300 ms (FindLiveObjects: 1.374900 ms CreateObjectMapping: 1.344600 ms MarkObjects: 7.705100 ms  DeleteObjects: 2.354300 ms)

Prepare: number of updated asset objects reloaded= 0
========================================================================
Received Prepare
Refreshing native plugins compatible for Editor in 4.62 ms, found 4 plugins.
Preloading 0 native plugins for Editor in 0.00 ms.
Unloading 13 Unused Serialized files (Serialized files now loaded: 0)
Unloading 6820 unused Assets / (4.8 MB). Loaded Objects now: 7655.
Memory consumption went from 152.6 MB to 147.8 MB.
Total: 16.428600 ms (FindLiveObjects: 1.583400 ms CreateObjectMapping: 1.849900 ms MarkObjects: 8.895400 ms  DeleteObjects: 4.097500 ms)

Prepare: number of updated asset objects reloaded= 0
========================================================================
Received Prepare
Begin MonoManager ReloadAssembly
[Licensing::Client] Successfully resolved entitlement details
- Loaded All Assemblies, in  1.118 seconds
Refreshing native plugins compatible for Editor in 3.51 ms, found 4 plugins.
Native extension for WindowsStandalone target not found
[Package Manager] Failed to launch server process. Reason: Unity was launched with the -noUpm command-line argument
[Package Manager] Unable to send message (not connected to server process).
[Package Manager] Cannot connect to Unity Package Manager local server
Mono: successfully reloaded assembly
- Finished resetting the current domain, in  1.059 seconds
Domain Reload Profiling: 2165ms
	BeginReloadAssembly (301ms)
		ExecutionOrderSort (0ms)
		DisableScriptedObjects (18ms)
		BackupInstance (0ms)
		ReleaseScriptingObjects (0ms)
		CreateAndSetChildDomain (62ms)
	RebuildCommonClasses (45ms)
	RebuildNativeTypeToScriptingClass (13ms)
	initialDomainReloadingComplete (44ms)
	LoadAllAssembliesAndSetupDomain (702ms)
		LoadAssemblies (612ms)
		RebuildTransferFunctionScriptingTraits (0ms)
		AnalyzeDomain (236ms)
			TypeCache.Refresh (11ms)
				TypeCache.ScanAssembly (1ms)
			BuildScriptInfoCaches (208ms)
			ResolveRequiredComponents (12ms)
	FinalizeReload (1059ms)
		ReleaseScriptCaches (0ms)
		RebuildScriptCaches (0ms)
		SetupLoadedEditorAssemblies (850ms)
			LogAssemblyErrors (0ms)
			InitializePlatformSupportModulesInManaged (2ms)
			SetLoadedEditorAssemblies (4ms)
			BeforeProcessingInitializeOnLoad (199ms)
			ProcessInitializeOnLoadAttributes (557ms)
			ProcessInitializeOnLoadMethodAttributes (74ms)
			AfterProcessingInitializeOnLoad (14ms)
			EditorAssembliesLoaded (0ms)
		ExecutionOrderSort2 (0ms)
		AwakeInstancesAfterBackupRestoration (17ms)
Refreshing native plugins compatible for Editor in 2.91 ms, found 4 plugins.
Preloading 0 native plugins for Editor in 0.00 ms.
Unloading 13 Unused Serialized files (Serialized files now loaded: 0)
Unloading 6830 unused Assets / (4.8 MB). Loaded Objects now: 7658.
Memory consumption went from 152.5 MB to 147.6 MB.
Total: 11.171500 ms (FindLiveObjects: 0.772400 ms CreateObjectMapping: 1.008600 ms MarkObjects: 6.486200 ms  DeleteObjects: 2.903300 ms)

Prepare: number of updated asset objects reloaded= 0
========================================================================
Received Prepare
Refreshing native plugins compatible for Editor in 3.91 ms, found 4 plugins.
Preloading 0 native plugins for Editor in 0.00 ms.
Unloading 13 Unused Serialized files (Serialized files now loaded: 0)
Unloading 6820 unused Assets / (4.5 MB). Loaded Objects now: 7658.
Memory consumption went from 152.6 MB to 148.2 MB.
Total: 12.478400 ms (FindLiveObjects: 0.893800 ms CreateObjectMapping: 1.109800 ms MarkObjects: 7.381500 ms  DeleteObjects: 3.091600 ms)

Prepare: number of updated asset objects reloaded= 0
========================================================================
Received Prepare
Begin MonoManager ReloadAssembly
- Loaded All Assemblies, in  1.123 seconds
Refreshing native plugins compatible for Editor in 2.97 ms, found 4 plugins.
Native extension for WindowsStandalone target not found
[Package Manager] Failed to launch server process. Reason: Unity was launched with the -noUpm command-line argument
[Package Manager] Unable to send message (not connected to server process).
[Package Manager] Cannot connect to Unity Package Manager local server
Mono: successfully reloaded assembly
- Finished resetting the current domain, in  1.041 seconds
Domain Reload Profiling: 2151ms
	BeginReloadAssembly (305ms)
		ExecutionOrderSort (0ms)
		DisableScriptedObjects (19ms)
		BackupInstance (0ms)
		ReleaseScriptingObjects (0ms)
		CreateAndSetChildDomain (65ms)
	RebuildCommonClasses (56ms)
	RebuildNativeTypeToScriptingClass (13ms)
	initialDomainReloadingComplete (47ms)
	LoadAllAssembliesAndSetupDomain (688ms)
		LoadAssemblies (601ms)
		RebuildTransferFunctionScriptingTraits (0ms)
		AnalyzeDomain (233ms)
			TypeCache.Refresh (11ms)
				TypeCache.ScanAssembly (1ms)
			BuildScriptInfoCaches (205ms)
			ResolveRequiredComponents (12ms)
	FinalizeReload (1042ms)
		ReleaseScriptCaches (0ms)
		RebuildScriptCaches (0ms)
		SetupLoadedEditorAssemblies (864ms)
			LogAssemblyErrors (0ms)
			InitializePlatformSupportModulesInManaged (2ms)
			SetLoadedEditorAssemblies (4ms)
			BeforeProcessingInitializeOnLoad (207ms)
			ProcessInitializeOnLoadAttributes (558ms)
			ProcessInitializeOnLoadMethodAttributes (77ms)
			AfterProcessingInitializeOnLoad (15ms)
			EditorAssembliesLoaded (0ms)
		ExecutionOrderSort2 (0ms)
		AwakeInstancesAfterBackupRestoration (16ms)
Refreshing native plugins compatible for Editor in 3.27 ms, found 4 plugins.
Preloading 0 native plugins for Editor in 0.00 ms.
Unloading 13 Unused Serialized files (Serialized files now loaded: 0)
Unloading 6830 unused Assets / (5.1 MB). Loaded Objects now: 7661.
Memory consumption went from 152.5 MB to 147.4 MB.
Total: 14.101900 ms (FindLiveObjects: 0.804800 ms CreateObjectMapping: 0.966800 ms MarkObjects: 8.866300 ms  DeleteObjects: 3.461900 ms)

Prepare: number of updated asset objects reloaded= 0
========================================================================
Received Prepare
Begin MonoManager ReloadAssembly
[Licensing::Client] Successfully resolved entitlement details
- Loaded All Assemblies, in  1.108 seconds
Refreshing native plugins compatible for Editor in 2.82 ms, found 4 plugins.
Native extension for WindowsStandalone target not found
[Package Manager] Failed to launch server process. Reason: Unity was launched with the -noUpm command-line argument
[Package Manager] Unable to send message (not connected to server process).
[Package Manager] Cannot connect to Unity Package Manager local server
Mono: successfully reloaded assembly
- Finished resetting the current domain, in  1.001 seconds
Domain Reload Profiling: 2097ms
	BeginReloadAssembly (302ms)
		ExecutionOrderSort (0ms)
		DisableScriptedObjects (20ms)
		BackupInstance (0ms)
		ReleaseScriptingObjects (0ms)
		CreateAndSetChildDomain (58ms)
	RebuildCommonClasses (42ms)
	RebuildNativeTypeToScriptingClass (13ms)
	initialDomainReloadingComplete (48ms)
	LoadAllAssembliesAndSetupDomain (692ms)
		LoadAssemblies (609ms)
		RebuildTransferFunctionScriptingTraits (0ms)
		AnalyzeDomain (229ms)
			TypeCache.Refresh (7ms)
				TypeCache.ScanAssembly (0ms)
			BuildScriptInfoCaches (205ms)
			ResolveRequiredComponents (12ms)
	FinalizeReload (1001ms)
		ReleaseScriptCaches (0ms)
		RebuildScriptCaches (0ms)
		SetupLoadedEditorAssemblies (823ms)
			LogAssemblyErrors (0ms)
			InitializePlatformSupportModulesInManaged (2ms)
			SetLoadedEditorAssemblies (4ms)
			BeforeProcessingInitializeOnLoad (191ms)
			ProcessInitializeOnLoadAttributes (544ms)
			ProcessInitializeOnLoadMethodAttributes (68ms)
			AfterProcessingInitializeOnLoad (15ms)
			EditorAssembliesLoaded (0ms)
		ExecutionOrderSort2 (0ms)
		AwakeInstancesAfterBackupRestoration (16ms)
Refreshing native plugins compatible for Editor in 3.28 ms, found 4 plugins.
Preloading 0 native plugins for Editor in 0.00 ms.
Unloading 13 Unused Serialized files (Serialized files now loaded: 0)
Unloading 6830 unused Assets / (4.9 MB). Loaded Objects now: 7664.
Memory consumption went from 152.6 MB to 147.7 MB.
Total: 10.571900 ms (FindLiveObjects: 0.785700 ms CreateObjectMapping: 0.957600 ms MarkObjects: 6.140900 ms  DeleteObjects: 2.686300 ms)

Prepare: number of updated asset objects reloaded= 0
========================================================================
Received Prepare
Refreshing native plugins compatible for Editor in 4.32 ms, found 4 plugins.
Preloading 0 native plugins for Editor in 0.00 ms.
Unloading 13 Unused Serialized files (Serialized files now loaded: 0)
Unloading 6820 unused Assets / (4.7 MB). Loaded Objects now: 7664.
Memory consumption went from 152.7 MB to 148.0 MB.
Total: 15.224000 ms (FindLiveObjects: 0.865000 ms CreateObjectMapping: 1.022800 ms MarkObjects: 8.974300 ms  DeleteObjects: 4.359800 ms)

Prepare: number of updated asset objects reloaded= 0
========================================================================
Received Prepare
Refreshing native plugins compatible for Editor in 4.64 ms, found 4 plugins.
Preloading 0 native plugins for Editor in 0.00 ms.
Unloading 13 Unused Serialized files (Serialized files now loaded: 0)
Unloading 6821 unused Assets / (4.6 MB). Loaded Objects now: 7665.
Memory consumption went from 152.7 MB to 148.1 MB.
Total: 15.584200 ms (FindLiveObjects: 1.264500 ms CreateObjectMapping: 1.646900 ms MarkObjects: 8.705800 ms  DeleteObjects: 3.965200 ms)

Prepare: number of updated asset objects reloaded= 0
========================================================================
Received Prepare
Refreshing native plugins compatible for Editor in 3.26 ms, found 4 plugins.
Preloading 0 native plugins for Editor in 0.00 ms.
Unloading 13 Unused Serialized files (Serialized files now loaded: 0)
Unloading 6821 unused Assets / (4.6 MB). Loaded Objects now: 7665.
Memory consumption went from 152.7 MB to 148.1 MB.
Total: 11.326500 ms (FindLiveObjects: 0.841200 ms CreateObjectMapping: 0.868000 ms MarkObjects: 6.771400 ms  DeleteObjects: 2.844500 ms)

Prepare: number of updated asset objects reloaded= 0
========================================================================
Received Prepare
Refreshing native plugins compatible for Editor in 3.21 ms, found 4 plugins.
Preloading 0 native plugins for Editor in 0.00 ms.
Unloading 13 Unused Serialized files (Serialized files now loaded: 0)
Unloading 6821 unused Assets / (5.0 MB). Loaded Objects now: 7665.
Memory consumption went from 152.7 MB to 147.7 MB.
Total: 12.311100 ms (FindLiveObjects: 0.854400 ms CreateObjectMapping: 1.054800 ms MarkObjects: 7.362200 ms  DeleteObjects: 3.037600 ms)

Prepare: number of updated asset objects reloaded= 0
========================================================================
Received Prepare
Refreshing native plugins compatible for Editor in 3.37 ms, found 4 plugins.
Preloading 0 native plugins for Editor in 0.00 ms.
Unloading 13 Unused Serialized files (Serialized files now loaded: 0)
Unloading 6821 unused Assets / (4.8 MB). Loaded Objects now: 7665.
Memory consumption went from 152.7 MB to 148.0 MB.
Total: 10.133300 ms (FindLiveObjects: 0.806900 ms CreateObjectMapping: 0.647600 ms MarkObjects: 6.000800 ms  DeleteObjects: 2.675700 ms)

Prepare: number of updated asset objects reloaded= 0
========================================================================
Received Prepare
Refreshing native plugins compatible for Editor in 19.48 ms, found 4 plugins.
Preloading 0 native plugins for Editor in 0.00 ms.
Unloading 13 Unused Serialized files (Serialized files now loaded: 0)
Unloading 6821 unused Assets / (4.6 MB). Loaded Objects now: 7665.
Memory consumption went from 152.7 MB to 148.1 MB.
Total: 10.544600 ms (FindLiveObjects: 0.829000 ms CreateObjectMapping: 1.036400 ms MarkObjects: 6.296400 ms  DeleteObjects: 2.381200 ms)

Prepare: number of updated asset objects reloaded= 0
========================================================================
Received Prepare
Refreshing native plugins compatible for Editor in 3.11 ms, found 4 plugins.
Preloading 0 native plugins for Editor in 0.00 ms.
Unloading 13 Unused Serialized files (Serialized files now loaded: 0)
Unloading 6821 unused Assets / (4.9 MB). Loaded Objects now: 7665.
Memory consumption went from 152.7 MB to 147.8 MB.
Total: 13.121300 ms (FindLiveObjects: 1.007400 ms CreateObjectMapping: 1.682600 ms MarkObjects: 6.743000 ms  DeleteObjects: 3.686800 ms)

Prepare: number of updated asset objects reloaded= 0
========================================================================
Received Prepare
Refreshing native plugins compatible for Editor in 3.27 ms, found 4 plugins.
Preloading 0 native plugins for Editor in 0.00 ms.
Unloading 13 Unused Serialized files (Serialized files now loaded: 0)
Unloading 6821 unused Assets / (4.9 MB). Loaded Objects now: 7665.
Memory consumption went from 152.7 MB to 147.8 MB.
Total: 13.913900 ms (FindLiveObjects: 0.819200 ms CreateObjectMapping: 1.119200 ms MarkObjects: 9.016900 ms  DeleteObjects: 2.957200 ms)

Prepare: number of updated asset objects reloaded= 0
========================================================================
Received Prepare
Begin MonoManager ReloadAssembly
[Licensing::Client] Successfully resolved entitlement details
- Loaded All Assemblies, in  1.377 seconds
Refreshing native plugins compatible for Editor in 3.48 ms, found 4 plugins.
Native extension for WindowsStandalone target not found
[Package Manager] Failed to launch server process. Reason: Unity was launched with the -noUpm command-line argument
[Package Manager] Unable to send message (not connected to server process).
[Package Manager] Cannot connect to Unity Package Manager local server
Mono: successfully reloaded assembly
- Finished resetting the current domain, in  1.079 seconds
Domain Reload Profiling: 2445ms
	BeginReloadAssembly (299ms)
		ExecutionOrderSort (0ms)
		DisableScriptedObjects (20ms)
		BackupInstance (0ms)
		ReleaseScriptingObjects (0ms)
		CreateAndSetChildDomain (58ms)
	RebuildCommonClasses (40ms)
	RebuildNativeTypeToScriptingClass (13ms)
	initialDomainReloadingComplete (45ms)
	LoadAllAssembliesAndSetupDomain (968ms)
		LoadAssemblies (884ms)
		RebuildTransferFunctionScriptingTraits (0ms)
		AnalyzeDomain (229ms)
			TypeCache.Refresh (11ms)
				TypeCache.ScanAssembly (1ms)
			BuildScriptInfoCaches (201ms)
			ResolveRequiredComponents (12ms)
	FinalizeReload (1080ms)
		ReleaseScriptCaches (0ms)
		RebuildScriptCaches (0ms)
		SetupLoadedEditorAssemblies (892ms)
			LogAssemblyErrors (0ms)
			InitializePlatformSupportModulesInManaged (2ms)
			SetLoadedEditorAssemblies (4ms)
			BeforeProcessingInitializeOnLoad (218ms)
			ProcessInitializeOnLoadAttributes (569ms)
			ProcessInitializeOnLoadMethodAttributes (81ms)
			AfterProcessingInitializeOnLoad (18ms)
			EditorAssembliesLoaded (0ms)
		ExecutionOrderSort2 (0ms)
		AwakeInstancesAfterBackupRestoration (19ms)
Refreshing native plugins compatible for Editor in 2.84 ms, found 4 plugins.
Preloading 0 native plugins for Editor in 0.00 ms.
Unloading 13 Unused Serialized files (Serialized files now loaded: 0)
Unloading 6831 unused Assets / (4.9 MB). Loaded Objects now: 7668.
Memory consumption went from 152.6 MB to 147.7 MB.
Total: 11.126200 ms (FindLiveObjects: 0.920500 ms CreateObjectMapping: 0.711700 ms MarkObjects: 6.168100 ms  DeleteObjects: 3.324600 ms)

Prepare: number of updated asset objects reloaded= 0
========================================================================
Received Prepare
Begin MonoManager ReloadAssembly
[Licensing::Client] Successfully resolved entitlement details
- Loaded All Assemblies, in  1.059 seconds
Refreshing native plugins compatible for Editor in 3.42 ms, found 4 plugins.
Native extension for WindowsStandalone target not found
[Package Manager] Failed to launch server process. Reason: Unity was launched with the -noUpm command-line argument
[Package Manager] Unable to send message (not connected to server process).
[Package Manager] Cannot connect to Unity Package Manager local server
Mono: successfully reloaded assembly
- Finished resetting the current domain, in  1.010 seconds
Domain Reload Profiling: 2058ms
	BeginReloadAssembly (289ms)
		ExecutionOrderSort (0ms)
		DisableScriptedObjects (17ms)
		BackupInstance (0ms)
		ReleaseScriptingObjects (0ms)
		CreateAndSetChildDomain (56ms)
	RebuildCommonClasses (41ms)
	RebuildNativeTypeToScriptingClass (16ms)
	initialDomainReloadingComplete (45ms)
	LoadAllAssembliesAndSetupDomain (657ms)
		LoadAssemblies (577ms)
		RebuildTransferFunctionScriptingTraits (0ms)
		AnalyzeDomain (220ms)
			TypeCache.Refresh (7ms)
				TypeCache.ScanAssembly (0ms)
			BuildScriptInfoCaches (196ms)
			ResolveRequiredComponents (12ms)
	FinalizeReload (1011ms)
		ReleaseScriptCaches (0ms)
		RebuildScriptCaches (0ms)
		SetupLoadedEditorAssemblies (827ms)
			LogAssemblyErrors (0ms)
			InitializePlatformSupportModulesInManaged (2ms)
			SetLoadedEditorAssemblies (6ms)
			BeforeProcessingInitializeOnLoad (191ms)
			ProcessInitializeOnLoadAttributes (545ms)
			ProcessInitializeOnLoadMethodAttributes (67ms)
			AfterProcessingInitializeOnLoad (15ms)
			EditorAssembliesLoaded (0ms)
		ExecutionOrderSort2 (0ms)
		AwakeInstancesAfterBackupRestoration (16ms)
Refreshing native plugins compatible for Editor in 3.04 ms, found 4 plugins.
Preloading 0 native plugins for Editor in 0.00 ms.
Unloading 13 Unused Serialized files (Serialized files now loaded: 0)
Unloading 6831 unused Assets / (4.8 MB). Loaded Objects now: 7671.
Memory consumption went from 152.7 MB to 147.8 MB.
Total: 10.945500 ms (FindLiveObjects: 0.799300 ms CreateObjectMapping: 1.198100 ms MarkObjects: 5.690900 ms  DeleteObjects: 3.255800 ms)

Prepare: number of updated asset objects reloaded= 0
========================================================================
Received Prepare
Begin MonoManager ReloadAssembly
- Loaded All Assemblies, in  1.130 seconds
Refreshing native plugins compatible for Editor in 2.90 ms, found 4 plugins.
Native extension for WindowsStandalone target not found
[Package Manager] Failed to launch server process. Reason: Unity was launched with the -noUpm command-line argument
[Package Manager] Unable to send message (not connected to server process).
[Package Manager] Cannot connect to Unity Package Manager local server
Mono: successfully reloaded assembly
- Finished resetting the current domain, in  1.112 seconds
Domain Reload Profiling: 2231ms
	BeginReloadAssembly (314ms)
		ExecutionOrderSort (0ms)
		DisableScriptedObjects (23ms)
		BackupInstance (0ms)
		ReleaseScriptingObjects (0ms)
		CreateAndSetChildDomain (55ms)
	RebuildCommonClasses (47ms)
	RebuildNativeTypeToScriptingClass (14ms)
	initialDomainReloadingComplete (46ms)
	LoadAllAssembliesAndSetupDomain (696ms)
		LoadAssemblies (624ms)
		RebuildTransferFunctionScriptingTraits (0ms)
		AnalyzeDomain (236ms)
			TypeCache.Refresh (7ms)
				TypeCache.ScanAssembly (0ms)
			BuildScriptInfoCaches (212ms)
			ResolveRequiredComponents (12ms)
	FinalizeReload (1113ms)
		ReleaseScriptCaches (0ms)
		RebuildScriptCaches (0ms)
		SetupLoadedEditorAssemblies (926ms)
			LogAssemblyErrors (0ms)
			InitializePlatformSupportModulesInManaged (2ms)
			SetLoadedEditorAssemblies (4ms)
			BeforeProcessingInitializeOnLoad (201ms)
			ProcessInitializeOnLoadAttributes (619ms)
			ProcessInitializeOnLoadMethodAttributes (82ms)
			AfterProcessingInitializeOnLoad (19ms)
			EditorAssembliesLoaded (0ms)
		ExecutionOrderSort2 (0ms)
		AwakeInstancesAfterBackupRestoration (18ms)
Refreshing native plugins compatible for Editor in 3.20 ms, found 4 plugins.
Preloading 0 native plugins for Editor in 0.00 ms.
Unloading 13 Unused Serialized files (Serialized files now loaded: 0)
Unloading 6831 unused Assets / (4.7 MB). Loaded Objects now: 7674.
Memory consumption went from 152.7 MB to 148.0 MB.
Total: 11.939400 ms (FindLiveObjects: 0.877900 ms CreateObjectMapping: 1.215300 ms MarkObjects: 6.764900 ms  DeleteObjects: 3.079600 ms)

Prepare: number of updated asset objects reloaded= 0
========================================================================
Received Import Request.
  Time since last request: 1134.314381 seconds.
  path: Assets/TextMesh Pro/Examples & Extras/Prefabs/TextMeshPro - Prefab 1.prefab
  artifactKey: Guid(a6e39ced0ea046bcb636c3f0b2e2a745) Importer(815301076,1909f56bfc062723c751e8b465ee728b)
Start importing Assets/TextMesh Pro/Examples & Extras/Prefabs/TextMeshPro - Prefab 1.prefab using Guid(a6e39ced0ea046bcb636c3f0b2e2a745) Importer(815301076,1909f56bfc062723c751e8b465ee728b) (PreviewImporter) -> (artifact id: 'c5c65eb9b003353fc00057d7f6f62dbe') in 0.2048691 seconds
Number of updated asset objects reloaded before import = 0Number of asset objects unloaded after import = 16

========================================================================
Received Import Request.
  Time since last request: 0.000023 seconds.
  path: Assets/TextMesh Pro/Examples & Extras/Prefabs/TextMeshPro - Prefab 2.prefab
  artifactKey: Guid(fdad9d952ae84cafb74c63f2e694d042) Importer(815301076,1909f56bfc062723c751e8b465ee728b)
Start importing Assets/TextMesh Pro/Examples & Extras/Prefabs/TextMeshPro - Prefab 2.prefab using Guid(fdad9d952ae84cafb74c63f2e694d042) Importer(815301076,1909f56bfc062723c751e8b465ee728b) (PreviewImporter) -> (artifact id: '184441de02b0666c19477a55d4c9fd35') in 0.013325 seconds
Number of updated asset objects reloaded before import = 0Number of asset objects unloaded after import = 16

========================================================================
Received Prepare
Begin MonoManager ReloadAssembly
[Licensing::Client] Successfully resolved entitlement details
- Loaded All Assemblies, in  1.122 seconds
Refreshing native plugins compatible for Editor in 2.90 ms, found 4 plugins.
Native extension for WindowsStandalone target not found
[Package Manager] Failed to launch server process. Reason: Unity was launched with the -noUpm command-line argument
[Package Manager] Unable to send message (not connected to server process).
[Package Manager] Cannot connect to Unity Package Manager local server
Mono: successfully reloaded assembly
- Finished resetting the current domain, in  1.146 seconds
Domain Reload Profiling: 2258ms
	BeginReloadAssembly (306ms)
		ExecutionOrderSort (0ms)
		DisableScriptedObjects (17ms)
		BackupInstance (0ms)
		ReleaseScriptingObjects (0ms)
		CreateAndSetChildDomain (71ms)
	RebuildCommonClasses (42ms)
	RebuildNativeTypeToScriptingClass (13ms)
	initialDomainReloadingComplete (43ms)
	LoadAllAssembliesAndSetupDomain (707ms)
		LoadAssemblies (612ms)
		RebuildTransferFunctionScriptingTraits (0ms)
		AnalyzeDomain (237ms)
			TypeCache.Refresh (9ms)
				TypeCache.ScanAssembly (0ms)
			BuildScriptInfoCaches (211ms)
			ResolveRequiredComponents (12ms)
	FinalizeReload (1147ms)
		ReleaseScriptCaches (0ms)
		RebuildScriptCaches (0ms)
		SetupLoadedEditorAssemblies (959ms)
			LogAssemblyErrors (0ms)
			InitializePlatformSupportModulesInManaged (2ms)
			SetLoadedEditorAssemblies (4ms)
			BeforeProcessingInitializeOnLoad (197ms)
			ProcessInitializeOnLoadAttributes (651ms)
			ProcessInitializeOnLoadMethodAttributes (85ms)
			AfterProcessingInitializeOnLoad (19ms)
			EditorAssembliesLoaded (0ms)
		ExecutionOrderSort2 (0ms)
		AwakeInstancesAfterBackupRestoration (19ms)
Refreshing native plugins compatible for Editor in 3.42 ms, found 4 plugins.
Preloading 0 native plugins for Editor in 0.00 ms.
Unloading 13 Unused Serialized files (Serialized files now loaded: 0)
Unloading 6831 unused Assets / (4.9 MB). Loaded Objects now: 7677.
Memory consumption went from 152.7 MB to 147.8 MB.
Total: 11.895800 ms (FindLiveObjects: 0.947500 ms CreateObjectMapping: 1.128700 ms MarkObjects: 6.769500 ms  DeleteObjects: 3.048600 ms)

Prepare: number of updated asset objects reloaded= 0
========================================================================
Received Prepare
Begin MonoManager ReloadAssembly
[Licensing::Client] Successfully resolved entitlement details
- Loaded All Assemblies, in  1.070 seconds
Refreshing native plugins compatible for Editor in 3.18 ms, found 4 plugins.
Native extension for WindowsStandalone target not found
[Package Manager] Failed to launch server process. Reason: Unity was launched with the -noUpm command-line argument
[Package Manager] Unable to send message (not connected to server process).
[Package Manager] Cannot connect to Unity Package Manager local server
Mono: successfully reloaded assembly
- Finished resetting the current domain, in  1.124 seconds
Domain Reload Profiling: 2183ms
	BeginReloadAssembly (295ms)
		ExecutionOrderSort (0ms)
		DisableScriptedObjects (18ms)
		BackupInstance (0ms)
		ReleaseScriptingObjects (0ms)
		CreateAndSetChildDomain (61ms)
	RebuildCommonClasses (39ms)
	RebuildNativeTypeToScriptingClass (13ms)
	initialDomainReloadingComplete (43ms)
	LoadAllAssembliesAndSetupDomain (667ms)
		LoadAssemblies (581ms)
		RebuildTransferFunctionScriptingTraits (0ms)
		AnalyzeDomain (229ms)
			TypeCache.Refresh (8ms)
				TypeCache.ScanAssembly (0ms)
			BuildScriptInfoCaches (204ms)
			ResolveRequiredComponents (13ms)
	FinalizeReload (1125ms)
		ReleaseScriptCaches (0ms)
		RebuildScriptCaches (0ms)
		SetupLoadedEditorAssemblies (939ms)
			LogAssemblyErrors (0ms)
			InitializePlatformSupportModulesInManaged (2ms)
			SetLoadedEditorAssemblies (7ms)
			BeforeProcessingInitializeOnLoad (206ms)
			ProcessInitializeOnLoadAttributes (629ms)
			ProcessInitializeOnLoadMethodAttributes (77ms)
			AfterProcessingInitializeOnLoad (18ms)
			EditorAssembliesLoaded (0ms)
		ExecutionOrderSort2 (0ms)
		AwakeInstancesAfterBackupRestoration (18ms)
Refreshing native plugins compatible for Editor in 3.54 ms, found 4 plugins.
Preloading 0 native plugins for Editor in 0.00 ms.
Unloading 13 Unused Serialized files (Serialized files now loaded: 0)
Unloading 6831 unused Assets / (4.7 MB). Loaded Objects now: 7680.
Memory consumption went from 152.8 MB to 148.1 MB.
Total: 10.901800 ms (FindLiveObjects: 0.883200 ms CreateObjectMapping: 1.140600 ms MarkObjects: 5.964200 ms  DeleteObjects: 2.912300 ms)

Prepare: number of updated asset objects reloaded= 0
========================================================================
Received Prepare
Begin MonoManager ReloadAssembly
- Loaded All Assemblies, in  1.102 seconds
Refreshing native plugins compatible for Editor in 3.33 ms, found 4 plugins.
Native extension for WindowsStandalone target not found
[Package Manager] Failed to launch server process. Reason: Unity was launched with the -noUpm command-line argument
[Package Manager] Unable to send message (not connected to server process).
[Package Manager] Cannot connect to Unity Package Manager local server
Mono: successfully reloaded assembly
- Finished resetting the current domain, in  1.122 seconds
Domain Reload Profiling: 2211ms
	BeginReloadAssembly (298ms)
		ExecutionOrderSort (0ms)
		DisableScriptedObjects (18ms)
		BackupInstance (0ms)
		ReleaseScriptingObjects (0ms)
		CreateAndSetChildDomain (61ms)
	RebuildCommonClasses (41ms)
	RebuildNativeTypeToScriptingClass (13ms)
	initialDomainReloadingComplete (47ms)
	LoadAllAssembliesAndSetupDomain (689ms)
		LoadAssemblies (598ms)
		RebuildTransferFunctionScriptingTraits (0ms)
		AnalyzeDomain (235ms)
			TypeCache.Refresh (7ms)
				TypeCache.ScanAssembly (0ms)
			BuildScriptInfoCaches (210ms)
			ResolveRequiredComponents (14ms)
	FinalizeReload (1123ms)
		ReleaseScriptCaches (0ms)
		RebuildScriptCaches (0ms)
		SetupLoadedEditorAssemblies (930ms)
			LogAssemblyErrors (0ms)
			InitializePlatformSupportModulesInManaged (2ms)
			SetLoadedEditorAssemblies (4ms)
			BeforeProcessingInitializeOnLoad (196ms)
			ProcessInitializeOnLoadAttributes (633ms)
			ProcessInitializeOnLoadMethodAttributes (78ms)
			AfterProcessingInitializeOnLoad (17ms)
			EditorAssembliesLoaded (0ms)
		ExecutionOrderSort2 (0ms)
		AwakeInstancesAfterBackupRestoration (18ms)
Refreshing native plugins compatible for Editor in 3.67 ms, found 4 plugins.
Preloading 0 native plugins for Editor in 0.00 ms.
Unloading 13 Unused Serialized files (Serialized files now loaded: 0)
Unloading 6831 unused Assets / (4.7 MB). Loaded Objects now: 7683.
Memory consumption went from 152.8 MB to 148.1 MB.
Total: 12.586000 ms (FindLiveObjects: 0.859000 ms CreateObjectMapping: 1.248900 ms MarkObjects: 6.885400 ms  DeleteObjects: 3.591100 ms)

Prepare: number of updated asset objects reloaded= 0
========================================================================
Received Prepare
Refreshing native plugins compatible for Editor in 3.54 ms, found 4 plugins.
Preloading 0 native plugins for Editor in 0.00 ms.
Unloading 13 Unused Serialized files (Serialized files now loaded: 0)
Unloading 6822 unused Assets / (4.9 MB). Loaded Objects now: 7684.
Memory consumption went from 153.0 MB to 148.1 MB.
Total: 15.793300 ms (FindLiveObjects: 1.004600 ms CreateObjectMapping: 1.466700 ms MarkObjects: 9.532100 ms  DeleteObjects: 3.788100 ms)

Prepare: number of updated asset objects reloaded= 0
========================================================================
Received Prepare
Begin MonoManager ReloadAssembly
[Licensing::Client] Successfully resolved entitlement details
- Loaded All Assemblies, in  1.103 seconds
Refreshing native plugins compatible for Editor in 2.79 ms, found 4 plugins.
Native extension for WindowsStandalone target not found
[Package Manager] Failed to launch server process. Reason: Unity was launched with the -noUpm command-line argument
[Package Manager] Unable to send message (not connected to server process).
[Package Manager] Cannot connect to Unity Package Manager local server
Mono: successfully reloaded assembly
- Finished resetting the current domain, in  1.001 seconds
Domain Reload Profiling: 2092ms
	BeginReloadAssembly (310ms)
		ExecutionOrderSort (0ms)
		DisableScriptedObjects (18ms)
		BackupInstance (0ms)
		ReleaseScriptingObjects (0ms)
		CreateAndSetChildDomain (68ms)
	RebuildCommonClasses (40ms)
	RebuildNativeTypeToScriptingClass (13ms)
	initialDomainReloadingComplete (45ms)
	LoadAllAssembliesAndSetupDomain (682ms)
		LoadAssemblies (600ms)
		RebuildTransferFunctionScriptingTraits (0ms)
		AnalyzeDomain (226ms)
			TypeCache.Refresh (10ms)
				TypeCache.ScanAssembly (1ms)
			BuildScriptInfoCaches (200ms)
			ResolveRequiredComponents (12ms)
	FinalizeReload (1002ms)
		ReleaseScriptCaches (0ms)
		RebuildScriptCaches (0ms)
		SetupLoadedEditorAssemblies (827ms)
			LogAssemblyErrors (0ms)
			InitializePlatformSupportModulesInManaged (2ms)
			SetLoadedEditorAssemblies (4ms)
			BeforeProcessingInitializeOnLoad (192ms)
			ProcessInitializeOnLoadAttributes (546ms)
			ProcessInitializeOnLoadMethodAttributes (68ms)
			AfterProcessingInitializeOnLoad (15ms)
			EditorAssembliesLoaded (0ms)
		ExecutionOrderSort2 (0ms)
		AwakeInstancesAfterBackupRestoration (17ms)
Refreshing native plugins compatible for Editor in 3.17 ms, found 4 plugins.
Preloading 0 native plugins for Editor in 0.00 ms.
Unloading 13 Unused Serialized files (Serialized files now loaded: 0)
Unloading 6832 unused Assets / (4.9 MB). Loaded Objects now: 7687.
Memory consumption went from 152.9 MB to 148.0 MB.
Total: 10.246900 ms (FindLiveObjects: 0.806400 ms CreateObjectMapping: 0.631300 ms MarkObjects: 6.157200 ms  DeleteObjects: 2.650600 ms)

Prepare: number of updated asset objects reloaded= 0
========================================================================
Received Prepare
Refreshing native plugins compatible for Editor in 3.97 ms, found 4 plugins.
Preloading 0 native plugins for Editor in 0.00 ms.
Unloading 13 Unused Serialized files (Serialized files now loaded: 0)
Unloading 6822 unused Assets / (4.9 MB). Loaded Objects now: 7687.
Memory consumption went from 153.0 MB to 148.2 MB.
Total: 28.332500 ms (FindLiveObjects: 0.814200 ms CreateObjectMapping: 1.081100 ms MarkObjects: 22.435500 ms  DeleteObjects: 3.999800 ms)

Prepare: number of updated asset objects reloaded= 0
========================================================================
Received Prepare
Begin MonoManager ReloadAssembly
- Loaded All Assemblies, in  1.120 seconds
Refreshing native plugins compatible for Editor in 2.78 ms, found 4 plugins.
Native extension for WindowsStandalone target not found
[Package Manager] Failed to launch server process. Reason: Unity was launched with the -noUpm command-line argument
[Package Manager] Unable to send message (not connected to server process).
[Package Manager] Cannot connect to Unity Package Manager local server
Mono: successfully reloaded assembly
- Finished resetting the current domain, in  1.004 seconds
Domain Reload Profiling: 2113ms
	BeginReloadAssembly (298ms)
		ExecutionOrderSort (0ms)
		DisableScriptedObjects (17ms)
		BackupInstance (0ms)
		ReleaseScriptingObjects (0ms)
		CreateAndSetChildDomain (60ms)
	RebuildCommonClasses (41ms)
	RebuildNativeTypeToScriptingClass (13ms)
	initialDomainReloadingComplete (45ms)
	LoadAllAssembliesAndSetupDomain (711ms)
		LoadAssemblies (607ms)
		RebuildTransferFunctionScriptingTraits (0ms)
		AnalyzeDomain (251ms)
			TypeCache.Refresh (11ms)
				TypeCache.ScanAssembly (1ms)
			BuildScriptInfoCaches (224ms)
			ResolveRequiredComponents (13ms)
	FinalizeReload (1004ms)
		ReleaseScriptCaches (0ms)
		RebuildScriptCaches (0ms)
		SetupLoadedEditorAssemblies (823ms)
			LogAssemblyErrors (0ms)
			InitializePlatformSupportModulesInManaged (2ms)
			SetLoadedEditorAssemblies (5ms)
			BeforeProcessingInitializeOnLoad (194ms)
			ProcessInitializeOnLoadAttributes (543ms)
			ProcessInitializeOnLoadMethodAttributes (66ms)
			AfterProcessingInitializeOnLoad (14ms)
			EditorAssembliesLoaded (0ms)
		ExecutionOrderSort2 (0ms)
		AwakeInstancesAfterBackupRestoration (17ms)
Refreshing native plugins compatible for Editor in 2.88 ms, found 4 plugins.
Preloading 0 native plugins for Editor in 0.00 ms.
Unloading 13 Unused Serialized files (Serialized files now loaded: 0)
Unloading 6832 unused Assets / (4.9 MB). Loaded Objects now: 7690.
Memory consumption went from 152.9 MB to 148.0 MB.
Total: 9.936300 ms (FindLiveObjects: 0.800400 ms CreateObjectMapping: 0.513400 ms MarkObjects: 5.896300 ms  DeleteObjects: 2.725100 ms)

Prepare: number of updated asset objects reloaded= 0
========================================================================
Received Prepare
Begin MonoManager ReloadAssembly
[Licensing::Client] Successfully resolved entitlement details
- Loaded All Assemblies, in  1.093 seconds
Refreshing native plugins compatible for Editor in 2.90 ms, found 4 plugins.
Native extension for WindowsStandalone target not found
[Package Manager] Failed to launch server process. Reason: Unity was launched with the -noUpm command-line argument
[Package Manager] Unable to send message (not connected to server process).
[Package Manager] Cannot connect to Unity Package Manager local server
Mono: successfully reloaded assembly
- Finished resetting the current domain, in  0.994 seconds
Domain Reload Profiling: 2074ms
	BeginReloadAssembly (296ms)
		ExecutionOrderSort (0ms)
		DisableScriptedObjects (18ms)
		BackupInstance (0ms)
		ReleaseScriptingObjects (0ms)
		CreateAndSetChildDomain (59ms)
	RebuildCommonClasses (40ms)
	RebuildNativeTypeToScriptingClass (13ms)
	initialDomainReloadingComplete (46ms)
	LoadAllAssembliesAndSetupDomain (686ms)
		LoadAssemblies (604ms)
		RebuildTransferFunctionScriptingTraits (0ms)
		AnalyzeDomain (227ms)
			TypeCache.Refresh (6ms)
				TypeCache.ScanAssembly (0ms)
			BuildScriptInfoCaches (204ms)
			ResolveRequiredComponents (12ms)
	FinalizeReload (994ms)
		ReleaseScriptCaches (0ms)
		RebuildScriptCaches (0ms)
		SetupLoadedEditorAssemblies (811ms)
			LogAssemblyErrors (0ms)
			InitializePlatformSupportModulesInManaged (2ms)
			SetLoadedEditorAssemblies (4ms)
			BeforeProcessingInitializeOnLoad (188ms)
			ProcessInitializeOnLoadAttributes (533ms)
			ProcessInitializeOnLoadMethodAttributes (68ms)
			AfterProcessingInitializeOnLoad (15ms)
			EditorAssembliesLoaded (0ms)
		ExecutionOrderSort2 (0ms)
		AwakeInstancesAfterBackupRestoration (17ms)
Refreshing native plugins compatible for Editor in 3.15 ms, found 4 plugins.
Preloading 0 native plugins for Editor in 0.00 ms.
Unloading 13 Unused Serialized files (Serialized files now loaded: 0)
Unloading 6832 unused Assets / (4.8 MB). Loaded Objects now: 7693.
Memory consumption went from 152.9 MB to 148.1 MB.
Total: 10.482700 ms (FindLiveObjects: 0.820100 ms CreateObjectMapping: 0.993400 ms MarkObjects: 6.017700 ms  DeleteObjects: 2.650100 ms)

Prepare: number of updated asset objects reloaded= 0
========================================================================
Received Prepare
Begin MonoManager ReloadAssembly
- Loaded All Assemblies, in  1.060 seconds
Refreshing native plugins compatible for Editor in 2.84 ms, found 4 plugins.
Native extension for WindowsStandalone target not found
[Package Manager] Failed to launch server process. Reason: Unity was launched with the -noUpm command-line argument
[Package Manager] Unable to send message (not connected to server process).
[Package Manager] Cannot connect to Unity Package Manager local server
Mono: successfully reloaded assembly
- Finished resetting the current domain, in  1.061 seconds
Domain Reload Profiling: 2109ms
	BeginReloadAssembly (286ms)
		ExecutionOrderSort (0ms)
		DisableScriptedObjects (17ms)
		BackupInstance (0ms)
		ReleaseScriptingObjects (0ms)
		CreateAndSetChildDomain (60ms)
	RebuildCommonClasses (40ms)
	RebuildNativeTypeToScriptingClass (13ms)
	initialDomainReloadingComplete (44ms)
	LoadAllAssembliesAndSetupDomain (664ms)
		LoadAssemblies (576ms)
		RebuildTransferFunctionScriptingTraits (0ms)
		AnalyzeDomain (226ms)
			TypeCache.Refresh (7ms)
				TypeCache.ScanAssembly (0ms)
			BuildScriptInfoCaches (202ms)
			ResolveRequiredComponents (12ms)
	FinalizeReload (1061ms)
		ReleaseScriptCaches (0ms)
		RebuildScriptCaches (0ms)
		SetupLoadedEditorAssemblies (874ms)
			LogAssemblyErrors (0ms)
			InitializePlatformSupportModulesInManaged (2ms)
			SetLoadedEditorAssemblies (4ms)
			BeforeProcessingInitializeOnLoad (192ms)
			ProcessInitializeOnLoadAttributes (586ms)
			ProcessInitializeOnLoadMethodAttributes (74ms)
			AfterProcessingInitializeOnLoad (16ms)
			EditorAssembliesLoaded (0ms)
		ExecutionOrderSort2 (0ms)
		AwakeInstancesAfterBackupRestoration (18ms)
Refreshing native plugins compatible for Editor in 4.92 ms, found 4 plugins.
Preloading 0 native plugins for Editor in 0.00 ms.
Unloading 13 Unused Serialized files (Serialized files now loaded: 0)
Unloading 6832 unused Assets / (4.9 MB). Loaded Objects now: 7696.
Memory consumption went from 153.0 MB to 148.1 MB.
Total: 11.667100 ms (FindLiveObjects: 0.836700 ms CreateObjectMapping: 1.046700 ms MarkObjects: 6.546900 ms  DeleteObjects: 3.235500 ms)

Prepare: number of updated asset objects reloaded= 0
========================================================================
Received Prepare
Begin MonoManager ReloadAssembly
[Licensing::Client] Successfully resolved entitlement details
- Loaded All Assemblies, in  1.067 seconds
Refreshing native plugins compatible for Editor in 3.58 ms, found 4 plugins.
Native extension for WindowsStandalone target not found
[Package Manager] Failed to launch server process. Reason: Unity was launched with the -noUpm command-line argument
[Package Manager] Unable to send message (not connected to server process).
[Package Manager] Cannot connect to Unity Package Manager local server
Mono: successfully reloaded assembly
- Finished resetting the current domain, in  0.992 seconds
Domain Reload Profiling: 2049ms
	BeginReloadAssembly (290ms)
		ExecutionOrderSort (0ms)
		DisableScriptedObjects (17ms)
		BackupInstance (0ms)
		ReleaseScriptingObjects (0ms)
		CreateAndSetChildDomain (60ms)
	RebuildCommonClasses (40ms)
	RebuildNativeTypeToScriptingClass (13ms)
	initialDomainReloadingComplete (44ms)
	LoadAllAssembliesAndSetupDomain (670ms)
		LoadAssemblies (583ms)
		RebuildTransferFunctionScriptingTraits (0ms)
		AnalyzeDomain (225ms)
			TypeCache.Refresh (7ms)
				TypeCache.ScanAssembly (0ms)
			BuildScriptInfoCaches (200ms)
			ResolveRequiredComponents (13ms)
	FinalizeReload (993ms)
		ReleaseScriptCaches (0ms)
		RebuildScriptCaches (0ms)
		SetupLoadedEditorAssemblies (818ms)
			LogAssemblyErrors (0ms)
			InitializePlatformSupportModulesInManaged (2ms)
			SetLoadedEditorAssemblies (4ms)
			BeforeProcessingInitializeOnLoad (191ms)
			ProcessInitializeOnLoadAttributes (537ms)
			ProcessInitializeOnLoadMethodAttributes (69ms)
			AfterProcessingInitializeOnLoad (15ms)
			EditorAssembliesLoaded (0ms)
		ExecutionOrderSort2 (0ms)
		AwakeInstancesAfterBackupRestoration (17ms)
Refreshing native plugins compatible for Editor in 3.37 ms, found 4 plugins.
Preloading 0 native plugins for Editor in 0.00 ms.
Unloading 13 Unused Serialized files (Serialized files now loaded: 0)
Unloading 6832 unused Assets / (4.9 MB). Loaded Objects now: 7699.
Memory consumption went from 153.0 MB to 148.1 MB.
Total: 10.242600 ms (FindLiveObjects: 0.865700 ms CreateObjectMapping: 0.708300 ms MarkObjects: 5.837600 ms  DeleteObjects: 2.830000 ms)

Prepare: number of updated asset objects reloaded= 0
========================================================================
Received Prepare
Refreshing native plugins compatible for Editor in 3.00 ms, found 4 plugins.
Preloading 0 native plugins for Editor in 0.00 ms.
Unloading 13 Unused Serialized files (Serialized files now loaded: 0)
Unloading 6822 unused Assets / (4.6 MB). Loaded Objects now: 7699.
Memory consumption went from 153.2 MB to 148.6 MB.
Total: 10.277300 ms (FindLiveObjects: 0.827600 ms CreateObjectMapping: 1.281400 ms MarkObjects: 5.893400 ms  DeleteObjects: 2.273300 ms)

Prepare: number of updated asset objects reloaded= 0
========================================================================
Received Prepare
Begin MonoManager ReloadAssembly
- Loaded All Assemblies, in  1.091 seconds
Refreshing native plugins compatible for Editor in 3.06 ms, found 4 plugins.
Native extension for WindowsStandalone target not found
[Package Manager] Failed to launch server process. Reason: Unity was launched with the -noUpm command-line argument
[Package Manager] Unable to send message (not connected to server process).
[Package Manager] Cannot connect to Unity Package Manager local server
Mono: successfully reloaded assembly
- Finished resetting the current domain, in  1.165 seconds
Domain Reload Profiling: 2246ms
	BeginReloadAssembly (296ms)
		ExecutionOrderSort (0ms)
		DisableScriptedObjects (21ms)
		BackupInstance (0ms)
		ReleaseScriptingObjects (0ms)
		CreateAndSetChildDomain (60ms)
	RebuildCommonClasses (42ms)
	RebuildNativeTypeToScriptingClass (13ms)
	initialDomainReloadingComplete (45ms)
	LoadAllAssembliesAndSetupDomain (684ms)
		LoadAssemblies (591ms)
		RebuildTransferFunctionScriptingTraits (0ms)
		AnalyzeDomain (236ms)
			TypeCache.Refresh (11ms)
				TypeCache.ScanAssembly (1ms)
			BuildScriptInfoCaches (208ms)
			ResolveRequiredComponents (13ms)
	FinalizeReload (1166ms)
		ReleaseScriptCaches (0ms)
		RebuildScriptCaches (0ms)
		SetupLoadedEditorAssemblies (964ms)
			LogAssemblyErrors (0ms)
			InitializePlatformSupportModulesInManaged (2ms)
			SetLoadedEditorAssemblies (8ms)
			BeforeProcessingInitializeOnLoad (222ms)
			ProcessInitializeOnLoadAttributes (637ms)
			ProcessInitializeOnLoadMethodAttributes (79ms)
			AfterProcessingInitializeOnLoad (16ms)
			EditorAssembliesLoaded (0ms)
		ExecutionOrderSort2 (0ms)
		AwakeInstancesAfterBackupRestoration (20ms)
Refreshing native plugins compatible for Editor in 3.44 ms, found 4 plugins.
Preloading 0 native plugins for Editor in 0.00 ms.
Unloading 13 Unused Serialized files (Serialized files now loaded: 0)
Unloading 6832 unused Assets / (4.9 MB). Loaded Objects now: 7702.
Memory consumption went from 153.1 MB to 148.1 MB.
Total: 12.573500 ms (FindLiveObjects: 0.918400 ms CreateObjectMapping: 1.168000 ms MarkObjects: 7.237900 ms  DeleteObjects: 3.247700 ms)

Prepare: number of updated asset objects reloaded= 0
========================================================================
Received Prepare
Begin MonoManager ReloadAssembly
[Licensing::Client] Successfully resolved entitlement details
- Loaded All Assemblies, in  1.085 seconds
Refreshing native plugins compatible for Editor in 3.09 ms, found 4 plugins.
Native extension for WindowsStandalone target not found
[Package Manager] Failed to launch server process. Reason: Unity was launched with the -noUpm command-line argument
[Package Manager] Unable to send message (not connected to server process).
[Package Manager] Cannot connect to Unity Package Manager local server
Mono: successfully reloaded assembly
- Finished resetting the current domain, in  1.016 seconds
Domain Reload Profiling: 2090ms
	BeginReloadAssembly (294ms)
		ExecutionOrderSort (0ms)
		DisableScriptedObjects (17ms)
		BackupInstance (0ms)
		ReleaseScriptingObjects (0ms)
		CreateAndSetChildDomain (60ms)
	RebuildCommonClasses (40ms)
	RebuildNativeTypeToScriptingClass (13ms)
	initialDomainReloadingComplete (43ms)
	LoadAllAssembliesAndSetupDomain (684ms)
		LoadAssemblies (602ms)
		RebuildTransferFunctionScriptingTraits (0ms)
		AnalyzeDomain (225ms)
			TypeCache.Refresh (7ms)
				TypeCache.ScanAssembly (0ms)
			BuildScriptInfoCaches (201ms)
			ResolveRequiredComponents (12ms)
	FinalizeReload (1016ms)
		ReleaseScriptCaches (0ms)
		RebuildScriptCaches (0ms)
		SetupLoadedEditorAssemblies (837ms)
			LogAssemblyErrors (0ms)
			InitializePlatformSupportModulesInManaged (2ms)
			SetLoadedEditorAssemblies (4ms)
			BeforeProcessingInitializeOnLoad (191ms)
			ProcessInitializeOnLoadAttributes (556ms)
			ProcessInitializeOnLoadMethodAttributes (69ms)
			AfterProcessingInitializeOnLoad (15ms)
			EditorAssembliesLoaded (0ms)
		ExecutionOrderSort2 (0ms)
		AwakeInstancesAfterBackupRestoration (17ms)
Refreshing native plugins compatible for Editor in 3.19 ms, found 4 plugins.
Preloading 0 native plugins for Editor in 0.00 ms.
Unloading 13 Unused Serialized files (Serialized files now loaded: 0)
Unloading 6832 unused Assets / (4.9 MB). Loaded Objects now: 7705.
Memory consumption went from 153.1 MB to 148.2 MB.
Total: 10.300300 ms (FindLiveObjects: 0.774700 ms CreateObjectMapping: 0.604200 ms MarkObjects: 6.254700 ms  DeleteObjects: 2.665200 ms)

Prepare: number of updated asset objects reloaded= 0
========================================================================
Received Prepare
Begin MonoManager ReloadAssembly
[Licensing::Client] Successfully resolved entitlement details
- Loaded All Assemblies, in  1.061 seconds
Refreshing native plugins compatible for Editor in 3.31 ms, found 4 plugins.
Native extension for WindowsStandalone target not found
[Package Manager] Failed to launch server process. Reason: Unity was launched with the -noUpm command-line argument
[Package Manager] Unable to send message (not connected to server process).
[Package Manager] Cannot connect to Unity Package Manager local server
Mono: successfully reloaded assembly
- Finished resetting the current domain, in  1.096 seconds
Domain Reload Profiling: 2146ms
	BeginReloadAssembly (286ms)
		ExecutionOrderSort (0ms)
		DisableScriptedObjects (18ms)
		BackupInstance (0ms)
		ReleaseScriptingObjects (0ms)
		CreateAndSetChildDomain (58ms)
	RebuildCommonClasses (40ms)
	RebuildNativeTypeToScriptingClass (13ms)
	initialDomainReloadingComplete (45ms)
	LoadAllAssembliesAndSetupDomain (665ms)
		LoadAssemblies (576ms)
		RebuildTransferFunctionScriptingTraits (0ms)
		AnalyzeDomain (226ms)
			TypeCache.Refresh (6ms)
				TypeCache.ScanAssembly (0ms)
			BuildScriptInfoCaches (203ms)
			ResolveRequiredComponents (12ms)
	FinalizeReload (1097ms)
		ReleaseScriptCaches (0ms)
		RebuildScriptCaches (0ms)
		SetupLoadedEditorAssemblies (913ms)
			LogAssemblyErrors (0ms)
			InitializePlatformSupportModulesInManaged (2ms)
			SetLoadedEditorAssemblies (4ms)
			BeforeProcessingInitializeOnLoad (196ms)
			ProcessInitializeOnLoadAttributes (618ms)
			ProcessInitializeOnLoadMethodAttributes (78ms)
			AfterProcessingInitializeOnLoad (16ms)
			EditorAssembliesLoaded (0ms)
		ExecutionOrderSort2 (0ms)
		AwakeInstancesAfterBackupRestoration (17ms)
Refreshing native plugins compatible for Editor in 3.46 ms, found 4 plugins.
Preloading 0 native plugins for Editor in 0.00 ms.
Unloading 13 Unused Serialized files (Serialized files now loaded: 0)
Unloading 6832 unused Assets / (4.9 MB). Loaded Objects now: 7708.
Memory consumption went from 153.1 MB to 148.3 MB.
Total: 11.841200 ms (FindLiveObjects: 0.865200 ms CreateObjectMapping: 0.953800 ms MarkObjects: 6.897500 ms  DeleteObjects: 3.123200 ms)

Prepare: number of updated asset objects reloaded= 0
========================================================================
Received Prepare
Begin MonoManager ReloadAssembly
- Loaded All Assemblies, in  1.104 seconds
Refreshing native plugins compatible for Editor in 2.85 ms, found 4 plugins.
Native extension for WindowsStandalone target not found
[Package Manager] Failed to launch server process. Reason: Unity was launched with the -noUpm command-line argument
[Package Manager] Unable to send message (not connected to server process).
[Package Manager] Cannot connect to Unity Package Manager local server
Mono: successfully reloaded assembly
- Finished resetting the current domain, in  1.118 seconds
Domain Reload Profiling: 2210ms
	BeginReloadAssembly (287ms)
		ExecutionOrderSort (0ms)
		DisableScriptedObjects (17ms)
		BackupInstance (0ms)
		ReleaseScriptingObjects (0ms)
		CreateAndSetChildDomain (59ms)
	RebuildCommonClasses (41ms)
	RebuildNativeTypeToScriptingClass (13ms)
	initialDomainReloadingComplete (44ms)
	LoadAllAssembliesAndSetupDomain (705ms)
		LoadAssemblies (614ms)
		RebuildTransferFunctionScriptingTraits (0ms)
		AnalyzeDomain (229ms)
			TypeCache.Refresh (7ms)
				TypeCache.ScanAssembly (0ms)
			BuildScriptInfoCaches (205ms)
			ResolveRequiredComponents (12ms)
	FinalizeReload (1119ms)
		ReleaseScriptCaches (0ms)
		RebuildScriptCaches (0ms)
		SetupLoadedEditorAssemblies (927ms)
			LogAssemblyErrors (0ms)
			InitializePlatformSupportModulesInManaged (2ms)
			SetLoadedEditorAssemblies (4ms)
			BeforeProcessingInitializeOnLoad (196ms)
			ProcessInitializeOnLoadAttributes (632ms)
			ProcessInitializeOnLoadMethodAttributes (78ms)
			AfterProcessingInitializeOnLoad (15ms)
			EditorAssembliesLoaded (1ms)
		ExecutionOrderSort2 (0ms)
		AwakeInstancesAfterBackupRestoration (18ms)
Refreshing native plugins compatible for Editor in 3.32 ms, found 4 plugins.
Preloading 0 native plugins for Editor in 0.00 ms.
Unloading 13 Unused Serialized files (Serialized files now loaded: 0)
Unloading 6832 unused Assets / (4.8 MB). Loaded Objects now: 7711.
Memory consumption went from 153.2 MB to 148.3 MB.
Total: 11.357100 ms (FindLiveObjects: 0.831400 ms CreateObjectMapping: 1.043500 ms MarkObjects: 6.400200 ms  DeleteObjects: 3.080600 ms)

Prepare: number of updated asset objects reloaded= 0
========================================================================
Received Prepare
Begin MonoManager ReloadAssembly
[Licensing::Client] Successfully resolved entitlement details
- Loaded All Assemblies, in  1.091 seconds
Refreshing native plugins compatible for Editor in 2.84 ms, found 4 plugins.
Native extension for WindowsStandalone target not found
[Package Manager] Failed to launch server process. Reason: Unity was launched with the -noUpm command-line argument
[Package Manager] Unable to send message (not connected to server process).
[Package Manager] Cannot connect to Unity Package Manager local server
Mono: successfully reloaded assembly
- Finished resetting the current domain, in  1.115 seconds
Domain Reload Profiling: 2194ms
	BeginReloadAssembly (297ms)
		ExecutionOrderSort (0ms)
		DisableScriptedObjects (19ms)
		BackupInstance (0ms)
		ReleaseScriptingObjects (0ms)
		CreateAndSetChildDomain (59ms)
	RebuildCommonClasses (41ms)
	RebuildNativeTypeToScriptingClass (13ms)
	initialDomainReloadingComplete (45ms)
	LoadAllAssembliesAndSetupDomain (683ms)
		LoadAssemblies (603ms)
		RebuildTransferFunctionScriptingTraits (0ms)
		AnalyzeDomain (225ms)
			TypeCache.Refresh (7ms)
				TypeCache.ScanAssembly (0ms)
			BuildScriptInfoCaches (201ms)
			ResolveRequiredComponents (12ms)
	FinalizeReload (1115ms)
		ReleaseScriptCaches (0ms)
		RebuildScriptCaches (0ms)
		SetupLoadedEditorAssemblies (930ms)
			LogAssemblyErrors (0ms)
			InitializePlatformSupportModulesInManaged (2ms)
			SetLoadedEditorAssemblies (4ms)
			BeforeProcessingInitializeOnLoad (196ms)
			ProcessInitializeOnLoadAttributes (635ms)
			ProcessInitializeOnLoadMethodAttributes (78ms)
			AfterProcessingInitializeOnLoad (15ms)
			EditorAssembliesLoaded (0ms)
		ExecutionOrderSort2 (0ms)
		AwakeInstancesAfterBackupRestoration (20ms)
Refreshing native plugins compatible for Editor in 3.01 ms, found 4 plugins.
Preloading 0 native plugins for Editor in 0.00 ms.
Unloading 13 Unused Serialized files (Serialized files now loaded: 0)
Unloading 6832 unused Assets / (4.6 MB). Loaded Objects now: 7714.
Memory consumption went from 153.2 MB to 148.7 MB.
Total: 10.917100 ms (FindLiveObjects: 0.809400 ms CreateObjectMapping: 0.712300 ms MarkObjects: 6.814500 ms  DeleteObjects: 2.579600 ms)

Prepare: number of updated asset objects reloaded= 0
========================================================================
Received Prepare
Refreshing native plugins compatible for Editor in 3.92 ms, found 4 plugins.
Preloading 0 native plugins for Editor in 0.00 ms.
Unloading 13 Unused Serialized files (Serialized files now loaded: 0)
Unloading 6822 unused Assets / (4.7 MB). Loaded Objects now: 7714.
Memory consumption went from 153.4 MB to 148.6 MB.
Total: 10.580700 ms (FindLiveObjects: 0.820400 ms CreateObjectMapping: 0.781100 ms MarkObjects: 6.227600 ms  DeleteObjects: 2.749800 ms)

Prepare: number of updated asset objects reloaded= 0
========================================================================
Received Prepare
Begin MonoManager ReloadAssembly
[Licensing::Client] Successfully resolved entitlement details
- Loaded All Assemblies, in  1.083 seconds
Refreshing native plugins compatible for Editor in 2.97 ms, found 4 plugins.
Native extension for WindowsStandalone target not found
[Package Manager] Failed to launch server process. Reason: Unity was launched with the -noUpm command-line argument
[Package Manager] Unable to send message (not connected to server process).
[Package Manager] Cannot connect to Unity Package Manager local server
Mono: successfully reloaded assembly
- Finished resetting the current domain, in  1.010 seconds
Domain Reload Profiling: 2082ms
	BeginReloadAssembly (295ms)
		ExecutionOrderSort (0ms)
		DisableScriptedObjects (20ms)
		BackupInstance (0ms)
		ReleaseScriptingObjects (0ms)
		CreateAndSetChildDomain (63ms)
	RebuildCommonClasses (41ms)
	RebuildNativeTypeToScriptingClass (13ms)
	initialDomainReloadingComplete (49ms)
	LoadAllAssembliesAndSetupDomain (674ms)
		LoadAssemblies (574ms)
		RebuildTransferFunctionScriptingTraits (0ms)
		AnalyzeDomain (239ms)
			TypeCache.Refresh (10ms)
				TypeCache.ScanAssembly (1ms)
			BuildScriptInfoCaches (211ms)
			ResolveRequiredComponents (13ms)
	FinalizeReload (1011ms)
		ReleaseScriptCaches (0ms)
		RebuildScriptCaches (0ms)
		SetupLoadedEditorAssemblies (834ms)
			LogAssemblyErrors (0ms)
			InitializePlatformSupportModulesInManaged (2ms)
			SetLoadedEditorAssemblies (4ms)
			BeforeProcessingInitializeOnLoad (196ms)
			ProcessInitializeOnLoadAttributes (549ms)
			ProcessInitializeOnLoadMethodAttributes (68ms)
			AfterProcessingInitializeOnLoad (14ms)
			EditorAssembliesLoaded (0ms)
		ExecutionOrderSort2 (0ms)
		AwakeInstancesAfterBackupRestoration (17ms)
Refreshing native plugins compatible for Editor in 3.37 ms, found 4 plugins.
Preloading 0 native plugins for Editor in 0.00 ms.
Unloading 13 Unused Serialized files (Serialized files now loaded: 0)
Unloading 6832 unused Assets / (4.5 MB). Loaded Objects now: 7717.
Memory consumption went from 153.2 MB to 148.7 MB.
Total: 9.857300 ms (FindLiveObjects: 0.781200 ms CreateObjectMapping: 0.818800 ms MarkObjects: 5.892200 ms  DeleteObjects: 2.363300 ms)

Prepare: number of updated asset objects reloaded= 0
========================================================================
Received Prepare
Begin MonoManager ReloadAssembly
[Licensing::Client] Successfully resolved entitlement details
- Loaded All Assemblies, in  1.111 seconds
Refreshing native plugins compatible for Editor in 2.92 ms, found 4 plugins.
Native extension for WindowsStandalone target not found
[Package Manager] Failed to launch server process. Reason: Unity was launched with the -noUpm command-line argument
[Package Manager] Unable to send message (not connected to server process).
[Package Manager] Cannot connect to Unity Package Manager local server
Mono: successfully reloaded assembly
- Finished resetting the current domain, in  1.013 seconds
Domain Reload Profiling: 2110ms
	BeginReloadAssembly (301ms)
		ExecutionOrderSort (0ms)
		DisableScriptedObjects (24ms)
		BackupInstance (0ms)
		ReleaseScriptingObjects (0ms)
		CreateAndSetChildDomain (63ms)
	RebuildCommonClasses (44ms)
	RebuildNativeTypeToScriptingClass (13ms)
	initialDomainReloadingComplete (44ms)
	LoadAllAssembliesAndSetupDomain (694ms)
		LoadAssemblies (605ms)
		RebuildTransferFunctionScriptingTraits (0ms)
		AnalyzeDomain (229ms)
			TypeCache.Refresh (7ms)
				TypeCache.ScanAssembly (0ms)
			BuildScriptInfoCaches (205ms)
			ResolveRequiredComponents (12ms)
	FinalizeReload (1014ms)
		ReleaseScriptCaches (0ms)
		RebuildScriptCaches (0ms)
		SetupLoadedEditorAssemblies (837ms)
			LogAssemblyErrors (0ms)
			InitializePlatformSupportModulesInManaged (2ms)
			SetLoadedEditorAssemblies (7ms)
			BeforeProcessingInitializeOnLoad (197ms)
			ProcessInitializeOnLoadAttributes (547ms)
			ProcessInitializeOnLoadMethodAttributes (69ms)
			AfterProcessingInitializeOnLoad (14ms)
			EditorAssembliesLoaded (0ms)
		ExecutionOrderSort2 (0ms)
		AwakeInstancesAfterBackupRestoration (17ms)
Refreshing native plugins compatible for Editor in 3.00 ms, found 4 plugins.
Preloading 0 native plugins for Editor in 0.00 ms.
Unloading 13 Unused Serialized files (Serialized files now loaded: 0)
Unloading 6832 unused Assets / (4.8 MB). Loaded Objects now: 7720.
Memory consumption went from 153.3 MB to 148.5 MB.
Total: 10.708600 ms (FindLiveObjects: 0.810000 ms CreateObjectMapping: 1.134500 ms MarkObjects: 6.113200 ms  DeleteObjects: 2.649800 ms)

Prepare: number of updated asset objects reloaded= 0
========================================================================
Received Prepare
Refreshing native plugins compatible for Editor in 4.52 ms, found 4 plugins.
Preloading 0 native plugins for Editor in 0.00 ms.
Unloading 13 Unused Serialized files (Serialized files now loaded: 0)
Unloading 6822 unused Assets / (4.9 MB). Loaded Objects now: 7720.
Memory consumption went from 153.4 MB to 148.6 MB.
Total: 15.905400 ms (FindLiveObjects: 1.828700 ms CreateObjectMapping: 1.384400 ms MarkObjects: 8.858500 ms  DeleteObjects: 3.831900 ms)

Prepare: number of updated asset objects reloaded= 0
========================================================================
Received Prepare
Begin MonoManager ReloadAssembly
[Licensing::Client] Successfully resolved entitlement details
- Loaded All Assemblies, in  1.152 seconds
Refreshing native plugins compatible for Editor in 3.74 ms, found 4 plugins.
Native extension for WindowsStandalone target not found
[Package Manager] Failed to launch server process. Reason: Unity was launched with the -noUpm command-line argument
[Package Manager] Unable to send message (not connected to server process).
[Package Manager] Cannot connect to Unity Package Manager local server
Mono: successfully reloaded assembly
- Finished resetting the current domain, in  1.143 seconds
Domain Reload Profiling: 2285ms
	BeginReloadAssembly (310ms)
		ExecutionOrderSort (0ms)
		DisableScriptedObjects (22ms)
		BackupInstance (0ms)
		ReleaseScriptingObjects (0ms)
		CreateAndSetChildDomain (62ms)
	RebuildCommonClasses (42ms)
	RebuildNativeTypeToScriptingClass (14ms)
	initialDomainReloadingComplete (47ms)
	LoadAllAssembliesAndSetupDomain (728ms)
		LoadAssemblies (611ms)
		RebuildTransferFunctionScriptingTraits (0ms)
		AnalyzeDomain (265ms)
			TypeCache.Refresh (11ms)
				TypeCache.ScanAssembly (1ms)
			BuildScriptInfoCaches (233ms)
			ResolveRequiredComponents (16ms)
	FinalizeReload (1144ms)
		ReleaseScriptCaches (0ms)
		RebuildScriptCaches (0ms)
		SetupLoadedEditorAssemblies (937ms)
			LogAssemblyErrors (0ms)
			InitializePlatformSupportModulesInManaged (2ms)
			SetLoadedEditorAssemblies (4ms)
			BeforeProcessingInitializeOnLoad (217ms)
			ProcessInitializeOnLoadAttributes (616ms)
			ProcessInitializeOnLoadMethodAttributes (80ms)
			AfterProcessingInitializeOnLoad (17ms)
			EditorAssembliesLoaded (0ms)
		ExecutionOrderSort2 (0ms)
		AwakeInstancesAfterBackupRestoration (18ms)
Refreshing native plugins compatible for Editor in 3.23 ms, found 4 plugins.
Preloading 0 native plugins for Editor in 0.00 ms.
Unloading 13 Unused Serialized files (Serialized files now loaded: 0)
Unloading 6832 unused Assets / (4.8 MB). Loaded Objects now: 7723.
Memory consumption went from 153.3 MB to 148.5 MB.
Total: 13.665200 ms (FindLiveObjects: 0.888900 ms CreateObjectMapping: 1.726200 ms MarkObjects: 7.624200 ms  DeleteObjects: 3.424300 ms)

Prepare: number of updated asset objects reloaded= 0
========================================================================
Received Prepare
Begin MonoManager ReloadAssembly
[Licensing::Client] Successfully resolved entitlement details
- Loaded All Assemblies, in  1.084 seconds
Refreshing native plugins compatible for Editor in 2.78 ms, found 4 plugins.
Native extension for WindowsStandalone target not found
[Package Manager] Failed to launch server process. Reason: Unity was launched with the -noUpm command-line argument
[Package Manager] Unable to send message (not connected to server process).
[Package Manager] Cannot connect to Unity Package Manager local server
Mono: successfully reloaded assembly
- Finished resetting the current domain, in  1.004 seconds
Domain Reload Profiling: 2076ms
	BeginReloadAssembly (297ms)
		ExecutionOrderSort (0ms)
		DisableScriptedObjects (18ms)
		BackupInstance (0ms)
		ReleaseScriptingObjects (0ms)
		CreateAndSetChildDomain (62ms)
	RebuildCommonClasses (40ms)
	RebuildNativeTypeToScriptingClass (13ms)
	initialDomainReloadingComplete (47ms)
	LoadAllAssembliesAndSetupDomain (674ms)
		LoadAssemblies (598ms)
		RebuildTransferFunctionScriptingTraits (0ms)
		AnalyzeDomain (221ms)
			TypeCache.Refresh (7ms)
				TypeCache.ScanAssembly (0ms)
			BuildScriptInfoCaches (196ms)
			ResolveRequiredComponents (12ms)
	FinalizeReload (1005ms)
		ReleaseScriptCaches (0ms)
		RebuildScriptCaches (0ms)
		SetupLoadedEditorAssemblies (828ms)
			LogAssemblyErrors (0ms)
			InitializePlatformSupportModulesInManaged (2ms)
			SetLoadedEditorAssemblies (4ms)
			BeforeProcessingInitializeOnLoad (195ms)
			ProcessInitializeOnLoadAttributes (541ms)
			ProcessInitializeOnLoadMethodAttributes (71ms)
			AfterProcessingInitializeOnLoad (14ms)
			EditorAssembliesLoaded (0ms)
		ExecutionOrderSort2 (0ms)
		AwakeInstancesAfterBackupRestoration (17ms)
Refreshing native plugins compatible for Editor in 3.92 ms, found 4 plugins.
Preloading 0 native plugins for Editor in 0.00 ms.
Unloading 13 Unused Serialized files (Serialized files now loaded: 0)
Unloading 6832 unused Assets / (4.9 MB). Loaded Objects now: 7726.
Memory consumption went from 153.4 MB to 148.5 MB.
Total: 10.885900 ms (FindLiveObjects: 0.886600 ms CreateObjectMapping: 1.005400 ms MarkObjects: 6.159000 ms  DeleteObjects: 2.833400 ms)

Prepare: number of updated asset objects reloaded= 0
========================================================================
Received Prepare
Refreshing native plugins compatible for Editor in 3.12 ms, found 4 plugins.
Preloading 0 native plugins for Editor in 0.00 ms.
Unloading 13 Unused Serialized files (Serialized files now loaded: 0)
Unloading 6823 unused Assets / (4.7 MB). Loaded Objects now: 7727.
Memory consumption went from 153.5 MB to 148.8 MB.
Total: 10.014700 ms (FindLiveObjects: 0.819700 ms CreateObjectMapping: 0.711800 ms MarkObjects: 6.004000 ms  DeleteObjects: 2.477800 ms)

Prepare: number of updated asset objects reloaded= 0
========================================================================
Received Prepare
Begin MonoManager ReloadAssembly
[Licensing::Client] Successfully resolved entitlement details
- Loaded All Assemblies, in  1.175 seconds
Refreshing native plugins compatible for Editor in 3.08 ms, found 4 plugins.
Native extension for WindowsStandalone target not found
[Package Manager] Failed to launch server process. Reason: Unity was launched with the -noUpm command-line argument
[Package Manager] Unable to send message (not connected to server process).
[Package Manager] Cannot connect to Unity Package Manager local server
Mono: successfully reloaded assembly
- Finished resetting the current domain, in  1.027 seconds
Domain Reload Profiling: 2191ms
	BeginReloadAssembly (332ms)
		ExecutionOrderSort (0ms)
		DisableScriptedObjects (19ms)
		BackupInstance (0ms)
		ReleaseScriptingObjects (0ms)
		CreateAndSetChildDomain (69ms)
	RebuildCommonClasses (46ms)
	RebuildNativeTypeToScriptingClass (14ms)
	initialDomainReloadingComplete (45ms)
	LoadAllAssembliesAndSetupDomain (726ms)
		LoadAssemblies (642ms)
		RebuildTransferFunctionScriptingTraits (0ms)
		AnalyzeDomain (253ms)
			TypeCache.Refresh (11ms)
				TypeCache.ScanAssembly (1ms)
			BuildScriptInfoCaches (226ms)
			ResolveRequiredComponents (12ms)
	FinalizeReload (1027ms)
		ReleaseScriptCaches (0ms)
		RebuildScriptCaches (0ms)
		SetupLoadedEditorAssemblies (841ms)
			LogAssemblyErrors (0ms)
			InitializePlatformSupportModulesInManaged (2ms)
			SetLoadedEditorAssemblies (4ms)
			BeforeProcessingInitializeOnLoad (201ms)
			ProcessInitializeOnLoadAttributes (547ms)
			ProcessInitializeOnLoadMethodAttributes (71ms)
			AfterProcessingInitializeOnLoad (15ms)
			EditorAssembliesLoaded (0ms)
		ExecutionOrderSort2 (0ms)
		AwakeInstancesAfterBackupRestoration (19ms)
Refreshing native plugins compatible for Editor in 3.29 ms, found 4 plugins.
Preloading 0 native plugins for Editor in 0.00 ms.
Unloading 13 Unused Serialized files (Serialized files now loaded: 0)
Unloading 6833 unused Assets / (4.9 MB). Loaded Objects now: 7730.
Memory consumption went from 153.4 MB to 148.5 MB.
Total: 11.012700 ms (FindLiveObjects: 0.785200 ms CreateObjectMapping: 0.826900 ms MarkObjects: 6.695700 ms  DeleteObjects: 2.703600 ms)

Prepare: number of updated asset objects reloaded= 0
========================================================================
Received Prepare
Refreshing native plugins compatible for Editor in 3.81 ms, found 4 plugins.
Preloading 0 native plugins for Editor in 0.00 ms.
Unloading 13 Unused Serialized files (Serialized files now loaded: 0)
Unloading 6823 unused Assets / (4.8 MB). Loaded Objects now: 7730.
Memory consumption went from 153.6 MB to 148.8 MB.
Total: 20.160900 ms (FindLiveObjects: 1.439300 ms CreateObjectMapping: 1.619000 ms MarkObjects: 11.900500 ms  DeleteObjects: 5.199500 ms)

Prepare: number of updated asset objects reloaded= 0
========================================================================
Received Prepare
Refreshing native plugins compatible for Editor in 3.27 ms, found 4 plugins.
Preloading 0 native plugins for Editor in 0.00 ms.
Unloading 13 Unused Serialized files (Serialized files now loaded: 0)
Unloading 6823 unused Assets / (4.7 MB). Loaded Objects now: 7730.
Memory consumption went from 153.6 MB to 148.9 MB.
Total: 14.000500 ms (FindLiveObjects: 0.892300 ms CreateObjectMapping: 0.944300 ms MarkObjects: 8.275800 ms  DeleteObjects: 3.886200 ms)

Prepare: number of updated asset objects reloaded= 0
========================================================================
Received Prepare
Begin MonoManager ReloadAssembly
[Licensing::Client] Successfully resolved entitlement details
- Loaded All Assemblies, in  1.119 seconds
Refreshing native plugins compatible for Editor in 2.92 ms, found 4 plugins.
Native extension for WindowsStandalone target not found
[Package Manager] Failed to launch server process. Reason: Unity was launched with the -noUpm command-line argument
[Package Manager] Unable to send message (not connected to server process).
[Package Manager] Cannot connect to Unity Package Manager local server
Mono: successfully reloaded assembly
- Finished resetting the current domain, in  1.205 seconds
Domain Reload Profiling: 2310ms
	BeginReloadAssembly (306ms)
		ExecutionOrderSort (0ms)
		DisableScriptedObjects (19ms)
		BackupInstance (0ms)
		ReleaseScriptingObjects (0ms)
		CreateAndSetChildDomain (62ms)
	RebuildCommonClasses (43ms)
	RebuildNativeTypeToScriptingClass (13ms)
	initialDomainReloadingComplete (48ms)
	LoadAllAssembliesAndSetupDomain (694ms)
		LoadAssemblies (617ms)
		RebuildTransferFunctionScriptingTraits (0ms)
		AnalyzeDomain (224ms)
			TypeCache.Refresh (10ms)
				TypeCache.ScanAssembly (1ms)
			BuildScriptInfoCaches (197ms)
			ResolveRequiredComponents (12ms)
	FinalizeReload (1205ms)
		ReleaseScriptCaches (0ms)
		RebuildScriptCaches (0ms)
		SetupLoadedEditorAssemblies (1001ms)
			LogAssemblyErrors (0ms)
			InitializePlatformSupportModulesInManaged (2ms)
			SetLoadedEditorAssemblies (4ms)
			BeforeProcessingInitializeOnLoad (216ms)
			ProcessInitializeOnLoadAttributes (678ms)
			ProcessInitializeOnLoadMethodAttributes (83ms)
			AfterProcessingInitializeOnLoad (16ms)
			EditorAssembliesLoaded (0ms)
		ExecutionOrderSort2 (0ms)
		AwakeInstancesAfterBackupRestoration (22ms)
Refreshing native plugins compatible for Editor in 3.33 ms, found 4 plugins.
Preloading 0 native plugins for Editor in 0.00 ms.
Unloading 13 Unused Serialized files (Serialized files now loaded: 0)
Unloading 6833 unused Assets / (4.8 MB). Loaded Objects now: 7733.
Memory consumption went from 153.4 MB to 148.7 MB.
Total: 12.511900 ms (FindLiveObjects: 0.974900 ms CreateObjectMapping: 1.096600 ms MarkObjects: 6.767300 ms  DeleteObjects: 3.671300 ms)

Prepare: number of updated asset objects reloaded= 0
========================================================================
Received Prepare
Begin MonoManager ReloadAssembly
- Loaded All Assemblies, in  1.139 seconds
Refreshing native plugins compatible for Editor in 3.31 ms, found 4 plugins.
Native extension for WindowsStandalone target not found
[Package Manager] Failed to launch server process. Reason: Unity was launched with the -noUpm command-line argument
[Package Manager] Unable to send message (not connected to server process).
[Package Manager] Cannot connect to Unity Package Manager local server
Mono: successfully reloaded assembly
- Finished resetting the current domain, in  1.013 seconds
Domain Reload Profiling: 2139ms
	BeginReloadAssembly (292ms)
		ExecutionOrderSort (0ms)
		DisableScriptedObjects (17ms)
		BackupInstance (0ms)
		ReleaseScriptingObjects (0ms)
		CreateAndSetChildDomain (57ms)
	RebuildCommonClasses (41ms)
	RebuildNativeTypeToScriptingClass (13ms)
	initialDomainReloadingComplete (46ms)
	LoadAllAssembliesAndSetupDomain (733ms)
		LoadAssemblies (652ms)
		RebuildTransferFunctionScriptingTraits (0ms)
		AnalyzeDomain (228ms)
			TypeCache.Refresh (9ms)
				TypeCache.ScanAssembly (0ms)
			BuildScriptInfoCaches (202ms)
			ResolveRequiredComponents (13ms)
	FinalizeReload (1014ms)
		ReleaseScriptCaches (0ms)
		RebuildScriptCaches (0ms)
		SetupLoadedEditorAssemblies (832ms)
			LogAssemblyErrors (0ms)
			InitializePlatformSupportModulesInManaged (2ms)
			SetLoadedEditorAssemblies (4ms)
			BeforeProcessingInitializeOnLoad (197ms)
			ProcessInitializeOnLoadAttributes (543ms)
			ProcessInitializeOnLoadMethodAttributes (71ms)
			AfterProcessingInitializeOnLoad (14ms)
			EditorAssembliesLoaded (0ms)
		ExecutionOrderSort2 (0ms)
		AwakeInstancesAfterBackupRestoration (16ms)
Refreshing native plugins compatible for Editor in 2.96 ms, found 4 plugins.
Preloading 0 native plugins for Editor in 0.00 ms.
Unloading 13 Unused Serialized files (Serialized files now loaded: 0)
Unloading 6833 unused Assets / (5.0 MB). Loaded Objects now: 7736.
Memory consumption went from 153.5 MB to 148.5 MB.
Total: 10.777100 ms (FindLiveObjects: 0.844200 ms CreateObjectMapping: 0.716100 ms MarkObjects: 6.221700 ms  DeleteObjects: 2.993600 ms)

Prepare: number of updated asset objects reloaded= 0
========================================================================
Received Prepare
Begin MonoManager ReloadAssembly
[Licensing::Client] Successfully resolved entitlement details
- Loaded All Assemblies, in  1.089 seconds
Refreshing native plugins compatible for Editor in 2.95 ms, found 4 plugins.
Native extension for WindowsStandalone target not found
[Package Manager] Failed to launch server process. Reason: Unity was launched with the -noUpm command-line argument
[Package Manager] Unable to send message (not connected to server process).
[Package Manager] Cannot connect to Unity Package Manager local server
Mono: successfully reloaded assembly
- Finished resetting the current domain, in  1.011 seconds
Domain Reload Profiling: 2088ms
	BeginReloadAssembly (302ms)
		ExecutionOrderSort (0ms)
		DisableScriptedObjects (18ms)
		BackupInstance (0ms)
		ReleaseScriptingObjects (0ms)
		CreateAndSetChildDomain (66ms)
	RebuildCommonClasses (41ms)
	RebuildNativeTypeToScriptingClass (13ms)
	initialDomainReloadingComplete (46ms)
	LoadAllAssembliesAndSetupDomain (674ms)
		LoadAssemblies (596ms)
		RebuildTransferFunctionScriptingTraits (0ms)
		AnalyzeDomain (221ms)
			TypeCache.Refresh (7ms)
				TypeCache.ScanAssembly (0ms)
			BuildScriptInfoCaches (198ms)
			ResolveRequiredComponents (12ms)
	FinalizeReload (1011ms)
		ReleaseScriptCaches (0ms)
		RebuildScriptCaches (0ms)
		SetupLoadedEditorAssemblies (830ms)
			LogAssemblyErrors (0ms)
			InitializePlatformSupportModulesInManaged (2ms)
			SetLoadedEditorAssemblies (4ms)
			BeforeProcessingInitializeOnLoad (193ms)
			ProcessInitializeOnLoadAttributes (546ms)
			ProcessInitializeOnLoadMethodAttributes (70ms)
			AfterProcessingInitializeOnLoad (14ms)
			EditorAssembliesLoaded (0ms)
		ExecutionOrderSort2 (0ms)
		AwakeInstancesAfterBackupRestoration (22ms)
Refreshing native plugins compatible for Editor in 3.03 ms, found 4 plugins.
Preloading 0 native plugins for Editor in 0.00 ms.
Unloading 13 Unused Serialized files (Serialized files now loaded: 0)
Unloading 6833 unused Assets / (4.6 MB). Loaded Objects now: 7739.
Memory consumption went from 153.5 MB to 148.9 MB.
Total: 11.241400 ms (FindLiveObjects: 0.910100 ms CreateObjectMapping: 1.160800 ms MarkObjects: 6.429200 ms  DeleteObjects: 2.739900 ms)

Prepare: number of updated asset objects reloaded= 0
========================================================================
Received Import Request.
  Time since last request: 1805.124356 seconds.
  path: Assets/VoiceCommand/VoiceCommanV2.cs
  artifactKey: Guid(8b8495664bdeb1c4c9a2be12eb0ebde9) Importer(2089858483,192608db42251d675da83286b1cce702)
Start importing Assets/VoiceCommand/VoiceCommanV2.cs using Guid(8b8495664bdeb1c4c9a2be12eb0ebde9) Importer(2089858483,192608db42251d675da83286b1cce702) (ScriptedImporter) -> (artifact id: '4d24aebd953c5b54af96887089cb457c') in 0.4564971 seconds
Number of updated asset objects reloaded before import = 0Number of asset objects unloaded after import = 0

========================================================================
Received Prepare
Begin MonoManager ReloadAssembly
[Licensing::Client] Successfully resolved entitlement details
- Loaded All Assemblies, in  1.240 seconds
Refreshing native plugins compatible for Editor in 3.11 ms, found 4 plugins.
Native extension for WindowsStandalone target not found
[Package Manager] Failed to launch server process. Reason: Unity was launched with the -noUpm command-line argument
[Package Manager] Unable to send message (not connected to server process).
[Package Manager] Cannot connect to Unity Package Manager local server
Mono: successfully reloaded assembly
- Finished resetting the current domain, in  1.112 seconds
Domain Reload Profiling: 2338ms
	BeginReloadAssembly (359ms)
		ExecutionOrderSort (0ms)
		DisableScriptedObjects (22ms)
		BackupInstance (0ms)
		ReleaseScriptingObjects (0ms)
		CreateAndSetChildDomain (105ms)
	RebuildCommonClasses (47ms)
	RebuildNativeTypeToScriptingClass (15ms)
	initialDomainReloadingComplete (53ms)
	LoadAllAssembliesAndSetupDomain (751ms)
		LoadAssemblies (657ms)
		RebuildTransferFunctionScriptingTraits (0ms)
		AnalyzeDomain (247ms)
			TypeCache.Refresh (8ms)
				TypeCache.ScanAssembly (0ms)
			BuildScriptInfoCaches (221ms)
			ResolveRequiredComponents (13ms)
	FinalizeReload (1113ms)
		ReleaseScriptCaches (0ms)
		RebuildScriptCaches (0ms)
		SetupLoadedEditorAssemblies (908ms)
			LogAssemblyErrors (0ms)
			InitializePlatformSupportModulesInManaged (2ms)
			SetLoadedEditorAssemblies (6ms)
			BeforeProcessingInitializeOnLoad (204ms)
			ProcessInitializeOnLoadAttributes (579ms)
			ProcessInitializeOnLoadMethodAttributes (98ms)
			AfterProcessingInitializeOnLoad (18ms)
			EditorAssembliesLoaded (0ms)
		ExecutionOrderSort2 (0ms)
		AwakeInstancesAfterBackupRestoration (20ms)
Refreshing native plugins compatible for Editor in 3.03 ms, found 4 plugins.
Preloading 0 native plugins for Editor in 0.00 ms.
Unloading 13 Unused Serialized files (Serialized files now loaded: 0)
Unloading 6833 unused Assets / (4.5 MB). Loaded Objects now: 7742.
Memory consumption went from 153.6 MB to 149.1 MB.
Total: 9.577600 ms (FindLiveObjects: 0.827600 ms CreateObjectMapping: 0.576900 ms MarkObjects: 5.532200 ms  DeleteObjects: 2.639300 ms)

Prepare: number of updated asset objects reloaded= 0
========================================================================
Received Prepare
Begin MonoManager ReloadAssembly
- Loaded All Assemblies, in  1.082 seconds
Refreshing native plugins compatible for Editor in 2.96 ms, found 4 plugins.
Native extension for WindowsStandalone target not found
[Package Manager] Failed to launch server process. Reason: Unity was launched with the -noUpm command-line argument
[Package Manager] Unable to send message (not connected to server process).
[Package Manager] Cannot connect to Unity Package Manager local server
Mono: successfully reloaded assembly
- Finished resetting the current domain, in  1.107 seconds
Domain Reload Profiling: 2178ms
	BeginReloadAssembly (297ms)
		ExecutionOrderSort (0ms)
		DisableScriptedObjects (18ms)
		BackupInstance (0ms)
		ReleaseScriptingObjects (0ms)
		CreateAndSetChildDomain (64ms)
	RebuildCommonClasses (42ms)
	RebuildNativeTypeToScriptingClass (13ms)
	initialDomainReloadingComplete (45ms)
	LoadAllAssembliesAndSetupDomain (675ms)
		LoadAssemblies (579ms)
		RebuildTransferFunctionScriptingTraits (0ms)
		AnalyzeDomain (237ms)
			TypeCache.Refresh (7ms)
				TypeCache.ScanAssembly (0ms)
			BuildScriptInfoCaches (214ms)
			ResolveRequiredComponents (12ms)
	FinalizeReload (1108ms)
		ReleaseScriptCaches (0ms)
		RebuildScriptCaches (0ms)
		SetupLoadedEditorAssemblies (919ms)
			LogAssemblyErrors (0ms)
			InitializePlatformSupportModulesInManaged (2ms)
			SetLoadedEditorAssemblies (4ms)
			BeforeProcessingInitializeOnLoad (199ms)
			ProcessInitializeOnLoadAttributes (618ms)
			ProcessInitializeOnLoadMethodAttributes (79ms)
			AfterProcessingInitializeOnLoad (17ms)
			EditorAssembliesLoaded (1ms)
		ExecutionOrderSort2 (0ms)
		AwakeInstancesAfterBackupRestoration (21ms)
Refreshing native plugins compatible for Editor in 3.79 ms, found 4 plugins.
Preloading 0 native plugins for Editor in 0.00 ms.
Unloading 13 Unused Serialized files (Serialized files now loaded: 0)
Unloading 6833 unused Assets / (4.6 MB). Loaded Objects now: 7745.
Memory consumption went from 153.6 MB to 149.0 MB.
Total: 11.175200 ms (FindLiveObjects: 0.823900 ms CreateObjectMapping: 0.942700 ms MarkObjects: 6.704600 ms  DeleteObjects: 2.702500 ms)

Prepare: number of updated asset objects reloaded= 0
========================================================================
Received Prepare
Begin MonoManager ReloadAssembly
[Licensing::Client] Successfully resolved entitlement details
- Loaded All Assemblies, in  1.134 seconds
Refreshing native plugins compatible for Editor in 3.50 ms, found 4 plugins.
Native extension for WindowsStandalone target not found
[Package Manager] Failed to launch server process. Reason: Unity was launched with the -noUpm command-line argument
[Package Manager] Unable to send message (not connected to server process).
[Package Manager] Cannot connect to Unity Package Manager local server
Mono: successfully reloaded assembly
- Finished resetting the current domain, in  1.092 seconds
Domain Reload Profiling: 2216ms
	BeginReloadAssembly (315ms)
		ExecutionOrderSort (0ms)
		DisableScriptedObjects (22ms)
		BackupInstance (0ms)
		ReleaseScriptingObjects (0ms)
		CreateAndSetChildDomain (69ms)
	RebuildCommonClasses (53ms)
	RebuildNativeTypeToScriptingClass (13ms)
	initialDomainReloadingComplete (45ms)
	LoadAllAssembliesAndSetupDomain (699ms)
		LoadAssemblies (620ms)
		RebuildTransferFunctionScriptingTraits (0ms)
		AnalyzeDomain (226ms)
			TypeCache.Refresh (7ms)
				TypeCache.ScanAssembly (0ms)
			BuildScriptInfoCaches (202ms)
			ResolveRequiredComponents (12ms)
	FinalizeReload (1092ms)
		ReleaseScriptCaches (0ms)
		RebuildScriptCaches (0ms)
		SetupLoadedEditorAssemblies (903ms)
			LogAssemblyErrors (0ms)
			InitializePlatformSupportModulesInManaged (2ms)
			SetLoadedEditorAssemblies (4ms)
			BeforeProcessingInitializeOnLoad (194ms)
			ProcessInitializeOnLoadAttributes (608ms)
			ProcessInitializeOnLoadMethodAttributes (79ms)
			AfterProcessingInitializeOnLoad (15ms)
			EditorAssembliesLoaded (0ms)
		ExecutionOrderSort2 (0ms)
		AwakeInstancesAfterBackupRestoration (21ms)
Refreshing native plugins compatible for Editor in 3.01 ms, found 4 plugins.
Preloading 0 native plugins for Editor in 0.00 ms.
Unloading 13 Unused Serialized files (Serialized files now loaded: 0)
Unloading 6833 unused Assets / (4.7 MB). Loaded Objects now: 7748.
Memory consumption went from 153.6 MB to 149.0 MB.
Total: 12.347500 ms (FindLiveObjects: 0.820400 ms CreateObjectMapping: 1.452600 ms MarkObjects: 6.784400 ms  DeleteObjects: 3.288600 ms)

Prepare: number of updated asset objects reloaded= 0
========================================================================
Received Prepare
Begin MonoManager ReloadAssembly
- Loaded All Assemblies, in  1.095 seconds
Refreshing native plugins compatible for Editor in 2.89 ms, found 4 plugins.
Native extension for WindowsStandalone target not found
[Package Manager] Failed to launch server process. Reason: Unity was launched with the -noUpm command-line argument
[Package Manager] Unable to send message (not connected to server process).
[Package Manager] Cannot connect to Unity Package Manager local server
Mono: successfully reloaded assembly
- Finished resetting the current domain, in  1.114 seconds
Domain Reload Profiling: 2198ms
	BeginReloadAssembly (293ms)
		ExecutionOrderSort (0ms)
		DisableScriptedObjects (17ms)
		BackupInstance (0ms)
		ReleaseScriptingObjects (0ms)
		CreateAndSetChildDomain (61ms)
	RebuildCommonClasses (40ms)
	RebuildNativeTypeToScriptingClass (13ms)
	initialDomainReloadingComplete (44ms)
	LoadAllAssembliesAndSetupDomain (693ms)
		LoadAssemblies (597ms)
		RebuildTransferFunctionScriptingTraits (0ms)
		AnalyzeDomain (236ms)
			TypeCache.Refresh (7ms)
				TypeCache.ScanAssembly (0ms)
			BuildScriptInfoCaches (212ms)
			ResolveRequiredComponents (12ms)
	FinalizeReload (1115ms)
		ReleaseScriptCaches (0ms)
		RebuildScriptCaches (0ms)
		SetupLoadedEditorAssemblies (920ms)
			LogAssemblyErrors (0ms)
			InitializePlatformSupportModulesInManaged (2ms)
			SetLoadedEditorAssemblies (4ms)
			BeforeProcessingInitializeOnLoad (198ms)
			ProcessInitializeOnLoadAttributes (619ms)
			ProcessInitializeOnLoadMethodAttributes (79ms)
			AfterProcessingInitializeOnLoad (17ms)
			EditorAssembliesLoaded (0ms)
		ExecutionOrderSort2 (0ms)
		AwakeInstancesAfterBackupRestoration (20ms)
Refreshing native plugins compatible for Editor in 3.23 ms, found 4 plugins.
Preloading 0 native plugins for Editor in 0.00 ms.
Unloading 13 Unused Serialized files (Serialized files now loaded: 0)
Unloading 6833 unused Assets / (4.9 MB). Loaded Objects now: 7751.
Memory consumption went from 153.7 MB to 148.8 MB.
Total: 11.351100 ms (FindLiveObjects: 0.828500 ms CreateObjectMapping: 1.043600 ms MarkObjects: 6.363200 ms  DeleteObjects: 3.114000 ms)

Prepare: number of updated asset objects reloaded= 0
========================================================================
Received Prepare
Begin MonoManager ReloadAssembly
[Licensing::Client] Successfully resolved entitlement details
- Loaded All Assemblies, in  1.070 seconds
Refreshing native plugins compatible for Editor in 2.88 ms, found 4 plugins.
Native extension for WindowsStandalone target not found
[Package Manager] Failed to launch server process. Reason: Unity was launched with the -noUpm command-line argument
[Package Manager] Unable to send message (not connected to server process).
[Package Manager] Cannot connect to Unity Package Manager local server
Mono: successfully reloaded assembly
- Finished resetting the current domain, in  1.091 seconds
Domain Reload Profiling: 2153ms
	BeginReloadAssembly (297ms)
		ExecutionOrderSort (0ms)
		DisableScriptedObjects (17ms)
		BackupInstance (0ms)
		ReleaseScriptingObjects (0ms)
		CreateAndSetChildDomain (69ms)
	RebuildCommonClasses (40ms)
	RebuildNativeTypeToScriptingClass (13ms)
	initialDomainReloadingComplete (44ms)
	LoadAllAssembliesAndSetupDomain (666ms)
		LoadAssemblies (575ms)
		RebuildTransferFunctionScriptingTraits (0ms)
		AnalyzeDomain (227ms)
			TypeCache.Refresh (7ms)
				TypeCache.ScanAssembly (0ms)
			BuildScriptInfoCaches (202ms)
			ResolveRequiredComponents (13ms)
	FinalizeReload (1092ms)
		ReleaseScriptCaches (0ms)
		RebuildScriptCaches (0ms)
		SetupLoadedEditorAssemblies (910ms)
			LogAssemblyErrors (0ms)
			InitializePlatformSupportModulesInManaged (2ms)
			SetLoadedEditorAssemblies (4ms)
			BeforeProcessingInitializeOnLoad (202ms)
			ProcessInitializeOnLoadAttributes (595ms)
			ProcessInitializeOnLoadMethodAttributes (89ms)
			AfterProcessingInitializeOnLoad (17ms)
			EditorAssembliesLoaded (1ms)
		ExecutionOrderSort2 (0ms)
		AwakeInstancesAfterBackupRestoration (19ms)
Refreshing native plugins compatible for Editor in 2.98 ms, found 4 plugins.
Preloading 0 native plugins for Editor in 0.00 ms.
Unloading 13 Unused Serialized files (Serialized files now loaded: 0)
Unloading 6833 unused Assets / (4.9 MB). Loaded Objects now: 7754.
Memory consumption went from 153.7 MB to 148.8 MB.
Total: 10.467300 ms (FindLiveObjects: 0.806400 ms CreateObjectMapping: 0.951600 ms MarkObjects: 6.050400 ms  DeleteObjects: 2.657600 ms)

Prepare: number of updated asset objects reloaded= 0
========================================================================
Received Prepare
Begin MonoManager ReloadAssembly
- Loaded All Assemblies, in  1.121 seconds
Refreshing native plugins compatible for Editor in 3.41 ms, found 4 plugins.
Native extension for WindowsStandalone target not found
[Package Manager] Failed to launch server process. Reason: Unity was launched with the -noUpm command-line argument
[Package Manager] Unable to send message (not connected to server process).
[Package Manager] Cannot connect to Unity Package Manager local server
Mono: successfully reloaded assembly
- Finished resetting the current domain, in  1.124 seconds
Domain Reload Profiling: 2236ms
	BeginReloadAssembly (311ms)
		ExecutionOrderSort (0ms)
		DisableScriptedObjects (19ms)
		BackupInstance (0ms)
		ReleaseScriptingObjects (0ms)
		CreateAndSetChildDomain (65ms)
	RebuildCommonClasses (42ms)
	RebuildNativeTypeToScriptingClass (13ms)
	initialDomainReloadingComplete (46ms)
	LoadAllAssembliesAndSetupDomain (698ms)
		LoadAssemblies (604ms)
		RebuildTransferFunctionScriptingTraits (0ms)
		AnalyzeDomain (240ms)
			TypeCache.Refresh (8ms)
				TypeCache.ScanAssembly (0ms)
			BuildScriptInfoCaches (216ms)
			ResolveRequiredComponents (12ms)
	FinalizeReload (1125ms)
		ReleaseScriptCaches (0ms)
		RebuildScriptCaches (0ms)
		SetupLoadedEditorAssemblies (930ms)
			LogAssemblyErrors (0ms)
			InitializePlatformSupportModulesInManaged (2ms)
			SetLoadedEditorAssemblies (8ms)
			BeforeProcessingInitializeOnLoad (216ms)
			ProcessInitializeOnLoadAttributes (604ms)
			ProcessInitializeOnLoadMethodAttributes (83ms)
			AfterProcessingInitializeOnLoad (16ms)
			EditorAssembliesLoaded (0ms)
		ExecutionOrderSort2 (0ms)
		AwakeInstancesAfterBackupRestoration (22ms)
Refreshing native plugins compatible for Editor in 3.04 ms, found 4 plugins.
Preloading 0 native plugins for Editor in 0.00 ms.
Unloading 13 Unused Serialized files (Serialized files now loaded: 0)
Unloading 6833 unused Assets / (4.4 MB). Loaded Objects now: 7757.
Memory consumption went from 153.8 MB to 149.4 MB.
Total: 11.482800 ms (FindLiveObjects: 0.819500 ms CreateObjectMapping: 1.027500 ms MarkObjects: 6.582900 ms  DeleteObjects: 3.051800 ms)

Prepare: number of updated asset objects reloaded= 0
========================================================================
Received Import Request.
  Time since last request: 969.418765 seconds.
  path: Assets/Real Assets/Game_Sprites/Steve Streetfight/Dash1.png
  artifactKey: Guid(8f9f88859e8c7bd4f96a0dd1de81929b) Importer(815301076,1909f56bfc062723c751e8b465ee728b)
Start importing Assets/Real Assets/Game_Sprites/Steve Streetfight/Dash1.png using Guid(8f9f88859e8c7bd4f96a0dd1de81929b) Importer(815301076,1909f56bfc062723c751e8b465ee728b) (PreviewImporter) -> (artifact id: '659626efd2c04818e7cc5b88ceecedf5') in 0.1306476 seconds
Number of updated asset objects reloaded before import = 0Number of asset objects unloaded after import = 3

========================================================================
Received Import Request.
  Time since last request: 0.000025 seconds.
  path: Assets/Real Assets/Game_Sprites/Steve Streetfight/Idle.png
  artifactKey: Guid(286adf6cdb3480746a45d9595b0211e9) Importer(815301076,1909f56bfc062723c751e8b465ee728b)
Start importing Assets/Real Assets/Game_Sprites/Steve Streetfight/Idle.png using Guid(286adf6cdb3480746a45d9595b0211e9) Importer(815301076,1909f56bfc062723c751e8b465ee728b) (PreviewImporter) -> (artifact id: '423152282d356d3b0ba4772eb412714b') in 0.1165888 seconds
Number of updated asset objects reloaded before import = 0Number of asset objects unloaded after import = 3

========================================================================
Received Import Request.
  Time since last request: 0.000047 seconds.
  path: Assets/Real Assets/Game_Sprites/Steve Streetfight/Fireball2.png
  artifactKey: Guid(0c9bd96f938d45746a700c8114ff9acb) Importer(815301076,1909f56bfc062723c751e8b465ee728b)
Start importing Assets/Real Assets/Game_Sprites/Steve Streetfight/Fireball2.png using Guid(0c9bd96f938d45746a700c8114ff9acb) Importer(815301076,1909f56bfc062723c751e8b465ee728b) (PreviewImporter) -> (artifact id: 'd55650ee60e672b97670d91120360f2c') in 0.050492 seconds
Number of updated asset objects reloaded before import = 0Number of asset objects unloaded after import = 3

========================================================================
Received Import Request.
  Time since last request: 0.000019 seconds.
  path: Assets/Real Assets/Game_Sprites/Steve Streetfight/Idle2.png
  artifactKey: Guid(2f082763c4c1fcd4087039d0e5ebb680) Importer(815301076,1909f56bfc062723c751e8b465ee728b)
Start importing Assets/Real Assets/Game_Sprites/Steve Streetfight/Idle2.png using Guid(2f082763c4c1fcd4087039d0e5ebb680) Importer(815301076,1909f56bfc062723c751e8b465ee728b) (PreviewImporter) -> (artifact id: '96ff029f3a9c2cc1a425f1fbd3b7d0ec') in 0.1103194 seconds
Number of updated asset objects reloaded before import = 0Number of asset objects unloaded after import = 3

========================================================================
Received Import Request.
  Time since last request: 5.482722 seconds.
  path: Assets/TextMesh Pro/Examples & Extras/Resources/Fonts & Materials/Bangers SDF - Outline.mat
  artifactKey: Guid(f629c6e43dba4bf38cb74d8860150664) Importer(815301076,1909f56bfc062723c751e8b465ee728b)
Start importing Assets/TextMesh Pro/Examples & Extras/Resources/Fonts & Materials/Bangers SDF - Outline.mat using Guid(f629c6e43dba4bf38cb74d8860150664) Importer(815301076,1909f56bfc062723c751e8b465ee728b) (PreviewImporter) -> (artifact id: '690648cb6d163122011c47e687c5b9e2') in 1.0191411 seconds
Number of updated asset objects reloaded before import = 0Number of asset objects unloaded after import = 2

========================================================================
Received Import Request.
  Time since last request: 0.000042 seconds.
  path: Assets/TextMesh Pro/Shaders/TMP_SDF-URP Unlit.shadergraph
  artifactKey: Guid(124c112a6e8f1a54e8b0870e881b56d8) Importer(815301076,1909f56bfc062723c751e8b465ee728b)
Start importing Assets/TextMesh Pro/Shaders/TMP_SDF-URP Unlit.shadergraph using Guid(124c112a6e8f1a54e8b0870e881b56d8) Importer(815301076,1909f56bfc062723c751e8b465ee728b) (PreviewImporter) -> (artifact id: '0117ff8b4bac17bde121ab2633911968') in 2.08025 seconds
Number of updated asset objects reloaded before import = 0Number of asset objects unloaded after import = 3

========================================================================
Received Import Request.
  Time since last request: 0.000046 seconds.
  path: Assets/TextMesh Pro/Examples & Extras/Materials/Crate - URP.mat
  artifactKey: Guid(3b5cc91c3bf8cf74391252247f52fb59) Importer(815301076,1909f56bfc062723c751e8b465ee728b)
Start importing Assets/TextMesh Pro/Examples & Extras/Materials/Crate - URP.mat using Guid(3b5cc91c3bf8cf74391252247f52fb59) Importer(815301076,1909f56bfc062723c751e8b465ee728b) (PreviewImporter) -> (artifact id: '7ccc611ff39f82cd70e2d94271c32f0f') in 0.0361099 seconds
Number of updated asset objects reloaded before import = 0Number of asset objects unloaded after import = 3

Editor requested this worker to shutdown with reason: Scaling down because of idle timeout
AssetImportWorker is now disconnected from the server
Process exiting
Exiting without the bug reporter. Application will terminate with return code 0